Time,V1,V2,V3,V4,V5,V6,V7,V8,V9,V10,V11,V12,V13,V14,V15,V16,V17,V18,V19,V20,V21,V22,V23,V24,V25,V26,V27,V28,Amount,target
-0.5653762671577557,0.04267272258520378,-0.9866328016988165,-0.3135581050926153,-1.226133122475598,0.657246947007783,0.2969503644681834,0.6486313763019155,0.3983511984692677,0.040942852603639876,0.4678932158628376,0.6488287820253811,0.08453114435690808,0.557807424172234,0.07453235588796542,0.2831859376813799,0.7110164013599783,3.236491122103985,0.8746084319315798,-0.2794800960597996,-1.498601332680931,-0.2838253696259495,0.04645543301623086,0.12143764342291147,0.9154622649120869,-1.0466701233794244,1.5194743110304834,-0.760789416715087,1.3969767093342387,-0.9564955877701992,-0.16729717740132716
-1.453502379509509,-0.5714477865783079,0.5979371909818936,1.3796152374783992,-1.5324993377431941,-0.4038377146028409,0.8804352409498745,-1.1255049405648054,-0.9889027167339757,-0.845345932650728,-0.9163549261038023,-0.4774726428180449,1.1332176045674556,-0.08337296962107939,-0.0687689276466424,0.29378441621441476,-0.44151013974988795,-0.00811519257722047,-0.9266506638727676,-0.06951273736517789,0.3905262653451995,0.1212237620302963,-0.002307897741552941,-0.6167754843835097,-0.07961287605867637,-1.257489810362019,1.1391725710316594,-0.05420484957639656,0.9057949889519964,-0.6437238767821714,1.9434043911231753
-0.2334524110620277,2.0503441798236315,0.1154324216629666,0.4850456274635492,0.47596577354055025,-0.20116096498200994,-0.914137806272897,1.3569498156887314,-0.7671159915803009,0.007645155456817048,-1.286963104566553,-2.436476056620044,0.3375047532627818,-0.12474982660810255,-0.2654419471451,0.7690082544374832,0.35044394973835363,1.0211397378839866,-0.40107315996843845,-0.7887781370731494,-0.99755554373961,-0.4684964076486374,1.7072064796857935,0.3957634574539183,0.7007865058380331,-0.64266625858324,-2.1352979482824006,-1.851232842403509,-0.6502092007124816,0.47072555891964957,-0.6548091046359502
-0.5889146528209456,-0.9475607567385977,1.3084573082070483,0.3189025704417737,-0.29798318656606004,-0.3881010702212653,-0.17161791592300762,0.10691329069390738,-0.6916056498593276,-0.5628848433810277,-0.4679761161686523,-0.005359086539659914,-0.6327773130246014,0.6077061134618058,-0.9788901144413112,0.037905080277238996,-1.1179440230763429,1.4344144900578701,0.06431611218255631,-2.208333530222154,0.5003523802308006,1.5691385472388282,-0.8668488231126141,-0.7509402664124117,-0.23848818084298798,-1.227046125881635,-0.014054710070506054,0.13922681034562132,0.8935867695313445,-1.8733761953138899,-0.66472654342488
1.0536665306355915,0.21749041606901154,-1.3609142934517091,-1.1361283124837667,-0.32847171264301306,0.18192411715991044,0.7140214021364104,0.24483004753440732,-1.6795488617598422,-1.2068555860346306,-1.6471847172030003,-0.39740763771401166,-1.0821689150167042,-2.0039796153070992,0.6203362693539396,0.07234670978299601,-1.8046695672018411,0.2046737750806234,1.3264358008813006,-2.4121987775081974,-0.5910261415697352,-0.42422237258150486,0.164122848460762,0.6130834981896341,-1.3936506170460934,-1.0657399152555533,0.9116599260787492,-0.7679076259988913,0.7817103073240134,1.9127263143207405,-2.1910679172184984
0.1672738815962167,-0.790148188184646,1.1899229251088028,-0.24909357647203562,-0.07371319928051405,-1.253654145400572,-0.9199251999382415,0.14884621181836794,-0.8509509374304572,0.6499626912416445,0.2864460039918223,-1.3188056930486132,0.5490298354049268,-0.8226961339274282,-1.1990723631647222,-1.6382749360758346,-0.7059584583127673,0.9437747448234799,-0.6912180650429066,-0.1299049571308566,0.37527694483074836,-1.2171858829361415,-0.7413651459115774,-0.04727727519168698,1.6201996005008024,1.032675641861762,0.41877668697619475,0.9707658630910111,0.8788022397373163,0.3246538989530726,-3.0309168802172874
1.10436999518069,0.4163214723136987,0.7384449900445297,0.5141508680415423,0.49211208201579787,-1.4105295907645439,-0.224685045085405,-0.024531023920240317,0.4571037776883188,-1.2908143970744104,0.17890020404118118,0.11433394996919781,-1.399553482762897,1.0665824912981348,-0.5520882095220263,-0.3223554632995545,0.4508619359229901,-1.3922009497920607,0.5471759002861386,4.217436164693989,1.0374302209931032,0.26574133876541284,0.9927121640521704,-0.5044010627104638,0.22409540282290963,-1.3716355115673555,1.3741672340944797,0.554863284646061,-0.6052834461644657,-1.8580873639957756,-0.3903266622434358
-2.012398291696236,-2.433186720656462,-0.5439072102605986,-2.1429599306546154,0.12849639499452176,0.08739559668397864,-0.4127190851976434,0.20293224747970587,-1.517319296510757,0.8967910193560255,1.3909672224823275,0.19267022040327605,-0.4129034254360719,-1.3414174406608328,-2.02612139699502,0.9050340521688536,-0.49927491778335714,0.7670568259935402,0.22441529145581468,0.23581334540343896,0.5206726033171426,0.666383357349592,-1.4402638454348218,0.9598373597074035,-0.6165928010539552,-0.20420256358691669,-0.03037312525971147,0.3489132265502052,-0.9428341933747231,0.30010366903691,-1.5488858753594221
-2.4076400477361655,-1.832890799935925,1.1691011302079237,1.3048925654297683,-0.17877321533691648,0.23646157121409528,-0.05052410023282881,0.31704729623998645,0.30676018067914057,-0.6162231647620444,-0.4437503220639332,0.21660918771512244,0.6179184600749815,-0.5722759096255208,0.215004037595966,-0.4853180330874392,-0.11826724214632371,-0.14384564885883716,-0.09683754395296651,0.16435690749160764,-0.8920012640345831,0.05472614832877941,-1.9765944703751992,0.029964313389446242,-0.22333136514335325,-0.413785458611756,-0.18119840871332077,-0.46229939844085255,0.37032323053063826,-0.4207258575713255,-2.9444678457174263
1.1833294390561357,-1.0790218066525756,-0.5609771441283846,1.138831848894211,0.49860405701427535,1.0186123163576282,0.4691517905919978,-0.3214074327077129,-1.5256405786215257,-1.1590408361127438,0.3409196801382242,-1.221684733929877,1.0164628957318418,-0.6414098446080391,1.9853573176036527,-0.3044718157353457,-0.03631292850033364,-0.8043728158628208,-1.1049905601131584,1.6868580670333377,-0.16789533536515597,-0.09410856908937108,-0.5687640909342856,-1.0338213692685698,-1.6498348834245613,0.051012852016988984,-0.6704028877220479,0.045757408466198406,-2.0256281950134243,-0.15469745709801952,-1.1066702369045232
1.222431635915854,-0.10360522996933061,0.981767140621852,0.7889580513850173,0.8029063695043748,0.0405217343855034,0.29655396438439385,0.16683297013674167,-0.8661196626808872,0.3354913940607666,0.8398344559892127,1.0180134462756172,0.6823081564138567,-1.291493975803805,0.07935904779317576,1.851089518375335,0.26404496178251413,-0.30650378753177765,1.8255318067600301,-0.9027974613068375,-1.2879051304970048,-0.2906777669535954,-0.942682467655979,-0.8616910373048567,1.1983600222835515,-0.0822414018105346,-0.5353074374958466,0.6607106179531984,0.7306843556577741,-0.8900228690151903,0.2620350138358154
0.49891905511332546,-0.3153591279614409,0.6829376611739775,-1.6646118517618151,-0.29919966741244447,-0.5251858435725456,0.7220307700964204,1.1830590094571136,-0.38798563217358023,1.328593060146364,-1.2547029819022744,0.03427283035372988,1.0366087824845027,-0.3895464074287168,-0.20317369026992105,-0.7018176617228963,-0.5531654991981576,-2.0172726457907078,-1.1234231079173314,-1.0074910629276856,1.0985041305954897,2.4372119659983675,0.12233486936904149,0.2463609773712977,-1.0183432860349264,1.1067000708879293,0.18935427934298363,0.7641042628753746,-0.5282647948998299,0.9704530463078604,0.6996434093856755
-0.607004161726712,-0.7868345839914024,0.2116403904252969,1.575731429998604,1.3488288182293504,0.34278565900465535,-0.7921099189342309,2.3938356328168284,0.20757842653373781,0.0009409455196768273,0.3817634076574794,0.6014996502770363,-1.379564665775624,-1.1178436684876025,0.37870154394035627,2.3168762429593763,-1.1807084771876615,0.6848827340363041,0.9032948006178685,0.8735661728868283,-1.2101778996998416,-0.5069654595651822,-1.241109338914025,1.2200809018204237,1.623662129712609,1.2118169793682125,-1.370751716417536,-0.3439328289472599,0.35522974370307797,-0.06996488178084403,0.6241436685857148
-1.2077537507994842,-1.0146708281380608,-1.0488373447434385,0.36959850588071236,0.0947738216673972,1.594400254863797,-1.0985825035125916,0.8310074643745748,1.1498838901888673,0.23696861269135008,-0.31055130039556367,-0.32254762760334105,0.8289837278596791,0.6232765979708245,0.8382265629881389,-0.009292369907951273,-1.952003104420916,-0.8993514226013054,1.9760645253102918,-0.7344136926644985,0.8706699169107145,-0.05813311094408089,-1.800973211079027,-0.10360278801810484,1.5214603405809106,-0.2437291920851306,-0.3591152398068488,-1.8181941019384678,0.7151295851275091,1.8374968644142513,-1.3982514380307547
-0.8393967658651748,0.9811493735740613,-0.42026341619356183,-1.7638901606917667,1.3297102413902633,0.3597180321221956,-0.23080035919547723,-0.1705556986284729,-0.974213733514759,-1.34193347545462,1.447754556551509,0.20111936439252892,0.31315373596099455,-0.29773561973805723,0.42047891565695505,-0.3778158607119104,0.9074371549665788,-0.3904676099430837,0.22000652308373364,-0.7213154065101586,0.11583211602493503,-1.586529718188042,1.1393954248222147,-1.0605702642945467,-0.8361022989689347,-0.8476073850966269,1.1754651000453944,-2.732747747965169,-0.2971610806626026,0.31281167920881076,-1.2458631114789345
-0.14548819216033526,-0.38730824178577666,0.36001058234994493,-0.5668772567235871,-0.41801896357163804,0.8151521279817658,-0.6310966817218487,0.11365712878884568,0.8287783065407601,0.07703995568353143,1.0735248315623296,1.0310601426942216,-0.8496097291550959,1.4882266430049067,0.3745935676004489,0.8696736404356687,-0.08001006421482039,0.0708285869094956,-1.1275738464131428,-1.7282032951880344,-0.06599117489588706,-0.8775320261411791,-0.4474178085257139,-0.02503164200438974,-1.1956413376941895,0.9811481669445591,0.2759843043467065,0.2536683936533674,-0.7585361588618497,-0.5655671324827543,-0.11612446839895355
-0.5453281697310908,1.8605333068354624,1.4186177276268939,-0.45766088743596717,-0.28857748212678197,-0.35017678879380093,1.0638329795844288,0.5214596754699075,-0.9107651690569867,-0.5100305577929173,-0.45576850153104287,-0.6926420673639029,0.32285623625562865,0.48249162574935484,-0.3905446519522787,1.3551450818569206,1.3428333378846837,-0.5355354441538211,-1.1545206436894697,-1.559179250282798,-1.1163539324655,0.4394091466515496,0.10259105687308004,1.3766511964946442,1.1130311390635956,-0.745821469086717,1.6802645055667613,0.1582979821395008,0.10543286952224111,1.0739940333595828,-0.031370511497421344
-0.6485969589494318,-1.5769485001851957,-0.2605181654112496,1.3123703358251797,-0.7366952562637004,-2.389913543818554,0.8854837438712674,0.1359856346100833,1.1630745235018551,-0.18863449820655528,-0.35132826700961195,-0.4327527494501259,-0.8603044936592598,-0.6839689674987549,-0.37074708185664296,-0.7934252676670958,1.2831098816397255,-0.7226711000174832,-0.03459688031575303,-0.23339853189873486,0.26776747824105984,0.029129348814092987,-1.8167612838403504,-0.6272350035649334,-2.121446383551728,-0.6309462473850366,-0.24928730583564687,-1.1334393969397483,-0.9401279192057084,0.7440777163975301,0.6037814789603443
-1.072930507095405,-1.9594259382926658,0.9543781033861309,-1.3927840807273517,0.34573352476859875,0.0462257469150816,0.8356767685926636,-1.008108662984544,-1.0932106150883425,-0.6650710013414188,-0.3604232607303243,0.34131803571668756,-0.767695119251932,0.8240016459792636,0.29365187811614346,0.0333215547557289,-0.8699065994228191,-0.3677901698263422,0.0789279474880869,-0.26210663859169836,-0.7531219132295891,-1.1177234170142867,-0.45872814891689645,2.823187756997574,0.7927851896057083,-0.9248812744368283,-1.7310757334186853,0.5527182803380821,0.4731239055820425,0.8827332329950337,-0.2778826740350272
0.7355162472377299,-0.06265883798700216,-0.28505154257442167,0.4999680684339659,-0.3311939008367138,0.1375738445890378,1.5620653882168005,-1.0240164979511737,-1.332776853057151,-1.682128210497093,0.6246043531140966,0.37210637026537774,-0.9007618252736296,0.1367709667139914,-1.742348873670658,-0.6233995818525501,-2.090458334411726,-0.6856345036815278,-0.9510538375105438,0.2384076079748111,-0.5383347976721201,-0.025730887740027568,-0.3685118648815978,-1.4983593051582942,-2.500821966020946,0.4762839704796589,1.081162744831031,1.9528086775858722,1.2407964322243823,-0.37449908515543645,-1.3926825033146266
0.6629824178444359,-2.0318670421490124,-0.2692331191197314,0.18922545089225742,-1.7855509084437584,0.4360753501432072,1.1872831439277558,-0.33480122178930255,0.775714612223384,-1.1592223309307277,1.1129858467477531,-1.6133768476741608,-0.19919926331191457,-0.7702630102953799,0.8393328946616304,0.5539868747558453,0.250279825658957,0.33479379328585246,1.3413362014657326,-0.2212501035870622,-2.02827325481401,-0.34139550781109046,0.9999250680840956,0.09736827281650327,0.01039897397883625,-1.897575707425821,-0.5773116615207172,1.133185969954618,-1.0742162330794238,-0.5811697163968697,1.3387584430484898
-0.04956149362622504,0.8813935806515437,-0.7773787118694622,0.2906166649082971,0.12459746399863547,-0.24985094730386254,1.2826504038900368,1.5837866121296957,-0.027595387853602653,0.8911188349734275,-0.05206799597066109,-1.3494199321114866,-1.6391871386450423,0.9798093281360983,0.6950969053993454,0.356164829452429,-1.3504981677775494,0.49615212401618625,-0.886572424846512,-1.1931836682559713,-2.093113013441288,0.5630696398054826,1.2851876749626874,1.2945390005118889,-1.0765270166609902,0.38774102804516203,-0.205220662306805,0.3379067912345386,0.9791126360100263,0.867853395813275,1.2944614528249159
0.9817496620360662,0.3764816855802788,-0.10176656105761368,0.3174823472692412,0.6772581175025109,-0.5815033217804451,0.26232525653872746,0.6885971381307036,-1.868623165027691,1.4490629740839778,0.05115123723979297,-1.8288794288126018,0.18556860575717488,-0.31800814868045457,0.402558876709949,-0.4739764159083273,-0.9928711716455201,-1.7523623765613734,0.7246239143313811,-1.8385205242193907,0.6073781258051414,-1.7366476945346079,0.611054661224558,-0.810292564671843,-1.0255553609004886,-0.9599289071235181,-2.4233656944374267,1.0837529718060182,0.575178700672871,-0.2863387582561117,0.055837699613776194
0.9748940684758003,0.40724440313974636,-0.662279348609955,-0.39106753062743876,0.6548826967086778,1.02681688572131,-0.10067983317350787,-1.1485916059456007,3.0828986054453638,1.2276935556287851,1.2913925522109542,-0.31320856355552656,-0.26130955794912847,-0.06090179658859811,1.141456975347481,-0.25509169807219834,-0.060176596451670394,1.0938620034797621,-1.0403565831709385,-0.2600617174947325,-1.634377422796643,-0.25531148966878897,-1.3169191220259828,-0.10702998076121452,-0.6696363621227137,-1.184780021749366,0.15370340800494378,-1.1069307558309458,-0.7521154946353958,-0.6743381883168325,1.0020085943792363
-0.47945226634011034,-0.9291566033581854,-0.40234322949360407,-0.24414427695476107,-1.3387644840115978,0.29672040627144286,0.08643058822743564,2.551719933302703,0.22592112682948923,0.9088720951197288,-0.8936608996046241,-0.8032771964999519,1.1640485925259978,1.1417714179061453,-0.4985768787824483,0.427219938962554,-0.022340917325722676,0.7491318495215836,0.7646549367273707,2.40130153809177,-0.6144988738970277,-1.0170013304922565,1.9563074608728346,1.1275421444622158,-0.3283224407770819,-0.763170382031247,-0.1466097574082182,-0.3884048269210959,-0.6145195724818424,0.7282757423791324,-0.5323337836798253
0.9841792804397408,-1.1958691247815314,-1.0672470731462316,-0.29163412592364807,1.1595483314419213,-0.1355004948797424,1.0558750312409009,-0.9921446010154796,1.640702270909027,0.5075323740190195,0.688671251648343,0.2057561968220173,-0.7526544858226707,-0.3402251170835768,0.7995035461984936,0.4111807239923987,1.8006960742078773,-0.8052959338344855,1.4010485546616966,1.0365546108169703,-1.5838330118775288,-1.5145830962549356,0.20408672848314582,1.3545589705472683,1.4611631335489499,0.04710030325022683,-0.782047595183067,1.9352141308548503,0.5976242285709,-0.3592478842420801,-0.4404569759394663
0.8652824406202712,1.9367089775778197,1.3910562223573497,0.39610893445050854,0.8969575822215754,-0.785013775799045,0.10104804550276122,-0.8703885139346501,-0.47606011316808294,-1.8212328826917477,-0.9822061838692073,-0.7745437748161057,-0.2483847901083091,1.0744783587441165,-0.2454799494710434,-0.22637895322246349,0.28717175609624623,-0.9249364508273384,-0.3794707719851758,0.2504596552544194,-0.5835228442510406,-1.1221331857950598,-0.27060888757539964,2.314484248207101,-1.9057588446001315,0.00287109808897778,-0.31699389046883997,-0.19951100830580154,-0.055326710382327234,-0.13109136217995482,0.8709172363957788
0.07187227704683939,0.31981601856664066,-0.21638027227955065,0.38949138290882335,-1.7810761727095006,-1.3000552323058796,-0.09973541581783718,-0.941412506931812,-0.3612182046906997,-0.9914716231486961,-0.3846967792682348,-0.16988998704096217,0.1698832378751535,-0.6894962445157182,0.7976372182257104,-1.17575373125721,0.05992465369290695,-1.1440421619710301,0.8244513070798379,0.8973225096363572,0.8879482977502382,-2.114648601805894,0.2002728371308159,-1.4354597908329614,-0.25461791372573434,0.5493459202742845,-0.684813209191162,-0.5861145190045364,0.5865416264333146,-0.2975084864460936,0.5434249037510932
0.23991861411040674,-0.886592990525188,-0.19335356743472862,1.7178999644536765,-1.3482558556363597,-0.6259788934233839,-0.2114346345499884,-1.0982952058549689,1.4541112852084666,-0.714191428458184,-0.02732124173268479,-0.21141349829110034,0.04626678564913151,-0.8312773496145085,0.4064141260368512,-1.0620388811915258,-1.4840374949878636,0.14325067384601026,-0.4081508054915593,0.5168337058076682,-0.8067947883967198,-1.3952914298799113,-0.1555094721023879,0.790250967378845,0.35022607279728424,1.5803876663685266,-1.802410166339502,1.0605830383882733,-1.1875866669990809,-0.4569111393034528,-0.9825479099071835
-1.1578031393948829,0.43867344992914287,-2.6009087462231504,1.5555156702627866,1.8068185840014535,0.5764969275371902,-0.5218883219442809,0.8269482987095628,-0.7998841730913584,-0.036025463139312666,1.2189810016386466,0.0240557549854652,-0.7003361557232152,0.11155960383041044,-0.4013158265455444,1.7828188466657102,0.8285108155067695,0.4560225033911866,0.5131573017422265,-1.1925799640730337,1.42387147387219,-1.4531198984535891,-0.2906180638513879,-1.2043307670576826,-1.065890200954447,1.715246502360372,-1.2913893215656673,2.572958745098995,-1.398140496967441,-2.3953951294286906,-0.8337642224360341
-0.09688158634682227,1.348478560060926,-1.055689372015521,1.0404811003428278,2.1976065276325376,-0.20642039182095517,0.18679630430720984,0.6730647777269597,-1.592908966755885,-1.0593041279560176,0.7390870581999603,0.14470898320850117,-0.6774697123505959,-1.1445447689906296,-0.9039416549519419,0.05870176511360829,0.3156894309451887,-1.4756399892114243,0.020740393708516356,-0.5594411616093228,-0.7047701798092997,-1.1343138305444491,0.056146505140962616,0.19313883579476754,1.0446707462392837,-1.2579360403284154,1.245660010605141,0.765447664080011,-0.3780156206455013,-0.14563925087729615,1.2572210787581366
-2.061416320069873,1.0642897139527858,-0.17453821902050728,-1.5629327278067695,0.9898814589919599,-0.2575366597927693,-0.18690481491186745,0.9033243387060869,-0.31213965618146505,0.23840495122871652,-0.6279333746380312,-0.4573860963121517,0.7340941351870846,-0.10558883050170602,-0.23318857826683181,-1.8163514519778994,0.2071993629379415,0.31853378745315913,-1.116847941676228,0.193137928011299,1.2480531323415638,0.7385547090048528,-1.7402467703203934,1.9690465579097627,-1.0613587021460513,-0.6162701997898411,-1.3165184770967064,-0.6038010194377815,0.7915887314820895,-0.2843924027987405,-1.2305824592570056
0.6273384572286488,-1.0050500073398705,-0.12517833235768785,0.5346340033987549,-1.76742162748944,-1.5090498693601988,-1.1386083160520253,-0.4652534968076296,1.8824910002410995,0.6651863526239266,-1.2558425524629042,2.9574741954318178,-1.3583503390398417,0.5781464059268973,1.8712112614582994,0.3479916883847759,-2.1415050060948158,0.7803643114465374,-0.8885263256425012,1.3970588093981,-0.69136703056266,-0.9066816890109941,-0.28720680218291605,0.7425164376305662,-0.9981243104130201,-0.7542293174438136,-1.833381018137172,-1.2526991116227801,0.9383844492699733,0.8312965193835683,-0.6754907466170197
1.0919195387280025,-0.462941151736337,-0.06914576687655105,-0.24178867513456362,-0.18939207880615175,0.9941299484836958,1.1331269831832347,0.5237610898549583,-0.5838307015862788,0.8197724345761176,0.30264583766312886,-1.0365434547821193,0.6417399554934845,-0.19877485142870058,0.5104678324346462,0.33301011348264586,0.6449450057699052,-1.4824948030015264,0.7253344746234531,0.6669461382991809,1.31517408460827,-1.0488282019924424,-0.6647225691997876,2.343462325520862,-0.49983844897520224,-2.116114542948287,0.7910416853889329,1.538184764190325,0.5283716126890604,-0.6867204573587425,0.6501930608692346
0.24708833854427817,-0.03733527274646742,1.1656564601992443,0.11112502419134619,-1.7553887418208827,1.446007170270923,0.08741635575842303,0.36872212219671213,-0.8835077748108451,0.17182668882473973,1.2061188987704146,-1.0239865539676094,2.4079273264986276,0.006825023200298823,1.3165476753270828,1.2480280436357976,-0.6857674978563847,0.7110586618280731,1.4056724718867606,0.34164484442730547,-0.7295690400775114,1.4569808980905086,-1.7466678710054744,-0.6231615003341651,0.049838061549480644,-0.25832736354626096,0.28188510213316237,0.16538958922281427,1.4595151335043532,0.22608656461858717,0.44338407695618426
-0.35022537899542017,-1.02042231171865,0.7161047521722781,0.49615426532047746,-1.6155465591990408,0.3962548655618367,0.9884431985541055,1.135650041608671,-1.0862346428881975,-0.13095226586567268,-0.0378702703760992,-0.5188329632282102,-0.4318178087836185,0.725362503204125,-0.5486814730176988,0.10559634665549732,1.9673888351098665,2.297474569758882,-0.6798506933714842,-0.3368923445012233,0.044929519776270466,0.13619024041927774,-0.3469807374619594,1.3810476509372467,0.20715579433858647,-0.2317450063964831,1.2534070967561193,0.13805155015917045,-1.1300282778358606,-0.0732160733997593,-0.1642613671957717
-1.908761833012893,-1.343744819681774,-0.7043926359186609,-0.9192535937640923,-1.2386512789972,0.2888241041486903,0.19540182066067982,-1.1431514127331885,-0.9018265324821575,-0.0205208357192541,-0.9346385391733955,-0.35922720019438636,0.03152415566164523,0.7064055738581677,0.2556791638028679,0.7045364767574102,-0.896823910415048,1.0553473801612065,1.260053867570113,-1.4907781903025668,-1.9435053454654405,2.2275490708556296,-0.19761751266399807,-0.7054280019867738,-1.4800722589445294,-0.11140144734179086,1.484106677481735,-0.4728914051907668,-0.9268081686167797,-2.0016960832450206,-0.6293245651734956
-0.49210986923828903,-0.4863657980808027,-0.912946876072085,0.39144790354131787,0.11443714203630242,0.3749527579013731,1.788883952787468,-1.4153412954921674,-0.7235032666574404,1.2134270099548874,-1.0942010701432536,0.17636649583702244,-0.6048163609844883,0.7047987378586021,-0.9415952505583458,-0.46606530615543557,-0.4046416578993382,-1.786192269869172,0.5921936068152719,1.0492248235641863,0.06760787558645877,0.914234122935752,-0.01474568275535756,0.2310103068708117,0.2713149742331046,-0.11854238673272936,-1.2604614872906517,1.4402497039476119,0.5769439326607342,1.5732954252903455,-0.8130509385393626
-1.3417111328252853,-0.1822662014507974,-0.06982468004551624,-1.6537090805150183,0.525950467374441,0.9907228840637297,-1.114682507030578,-0.2144363617052737,0.5117061996872792,-0.12259776925222403,-0.816167670284327,-0.19268184802270746,0.04997063955880521,0.27621354919983543,0.2694329717340633,0.2347720241879402,0.8690888155890967,-0.6074467890409326,2.5940433838147907,-0.02235351269027462,-0.9157775666474008,0.8785671358686404,-0.09006025068757807,1.0823110430603344,-0.5867681930829058,-1.3025477192206134,-2.707736391439862,-0.7942104434141238,-0.6036881800165769,0.2164685457187149,-0.48656691357299114
1.510436867442301,1.214626289959704,1.2506773209079918,1.5655660959773121,0.3916159112052247,0.9756374283261251,-0.21626822564609588,-0.1409876921945527,-1.5011541885811708,0.4464907529702295,0.7585643198094578,1.7618855978498136,-0.6018768381084678,-1.156995109698368,2.34606449595972,-0.44132425408009385,-0.4359808359498466,2.0022593061503158,0.8968934652424266,-0.000301374357667083,0.7909767197706088,0.7754279109230787,-0.5246391815136288,-0.01203060194404065,-0.7252808066434844,-1.0487512269785197,-0.3410913388727417,-0.8766344845194075,0.6553745859448483,1.4114917919675338,0.6678111246262538
0.24021711746182275,-1.7125361751737045,1.3090225582490689,-0.2608651558936052,-0.5773946841625957,0.6843740848386833,-1.1075442730576508,-0.7514315049134099,-0.03826036956314099,-1.4072212107754332,-0.33789335719661356,1.5433826267617512,0.8210489637896725,-0.8210245502048595,0.28058869979577916,-0.9820901555835705,1.5105958018782863,-0.15959197146978976,1.6086177896428213,-1.7955039591187905,-0.9656680654387385,-0.7424540547470881,-1.056267626409486,0.6754183406924198,1.006470937599137,-1.1382621469445664,1.300331112779479,-0.843936598531514,-0.05419701451975121,1.435706733834513,0.1706138517581308
0.40776864458913886,-1.2959404045860015,-1.4545850631011372,-0.4303938479444149,-1.5887021102522687,-0.08530181145000922,-1.5466961083233017,1.473898128603563,0.7078393534989925,-0.09508767176449859,-0.1885685398198467,2.0206372594681894,0.6516444962578605,-1.0744837453358962,1.8476908154286298,0.8642858916150143,0.9435812427959509,0.13472774071127458,-1.3431739957210047,0.46936412347721473,-1.554054597961413,-2.5862743309540157,0.4743105465412889,0.03530068054674251,0.44779576072528965,1.8415295781723218,0.18632414963246977,-0.8340242934348753,0.4476942071498989,0.4534757189267419,1.1685219698710019
-1.2406757550472776,-0.6855370559675256,-0.129448952132925,0.8377742187194637,1.0170797429614928,0.35029684259448807,1.0071972150340958,-0.39949232747331676,-0.144877226054009,0.21879460158874114,-0.37816441102190096,-1.5478108555234649,0.3477713030784593,0.8817218539057704,-0.545889965654593,-0.41973279355950294,0.7917059657321943,-0.5718132965431333,0.7496328756984099,-0.4341941513546084,1.9479985741086014,0.2004941202789969,-1.3722265883239353,-1.53741383308755,-0.18301461554118587,0.8288725869139855,-0.7861777577506905,-0.3680461745114957,-0.5412664122083617,-0.8447734925136874,-0.6498143601127223
-0.28693838819018913,-1.6822685075344372,-0.9286008238478358,-1.0723297964855039,0.09457608543232769,-0.19914902650452598,0.3921824758299722,0.2700309114671563,1.9749542763718617,-0.19915871142212116,0.5858710330117043,2.0483055704672974,0.966769716674751,-0.2718146445822183,0.9411446918561008,1.9543562498108202,0.9162900504161609,-0.11261793615136742,0.737994705168021,-0.577280122352509,-1.4539426760427439,-0.2732176553600394,-0.585555208550313,-1.5833549460807501,-0.994404754878176,0.41147472574636873,-0.3713026171270353,0.29908868368554087,-1.823005606598512,-0.1638409996339416,-0.15624232038023364
-0.6684548864771729,0.15915265239477008,-0.34710248111320186,0.24015964910787038,-0.7126088473395683,0.9820191269917796,0.467882018311627,-0.9751291581457583,-0.521758421036104,1.7967791743044266,-0.6390567785147598,1.8282953418600119,-2.578693112961884,2.1253579856934164,-0.20833317365271942,1.2149361237282723,0.8476414342085383,2.8771177996757658,0.699913048025399,0.3498530190385419,-0.42490303780984146,0.40779078732827534,-0.4354093728765254,-0.28692285968251846,1.8128341264951677,-0.4389146037311409,0.34005769715495027,-0.9326895122638448,-0.15482272820912438,0.01016219134788357,-0.49222737371504005
-0.5428631688402883,0.5510718506592406,-1.710561160772764,0.023481538302632804,-0.8715206491240411,0.33787059550700216,-0.8089694756491747,0.06623623989828764,0.014735500356461144,2.184661777113413,0.5221822416262978,0.06647308385457525,-1.4580250193754503,-0.7944195381926561,1.5243241486189978,0.4657917230736484,-0.10646633650948095,-0.6266593510621824,0.6705518631494914,1.4614626129553903,-0.806542856843516,-0.1261519771128383,-0.7538267577161399,-0.43540279600204657,-0.8080438098279288,1.3489696024581037,-1.671296682235603,0.461029455384997,-0.40423708221580984,1.4160049712146008,0.211986973492472
-0.7012019575624615,-0.4109432175919805,0.1280564359132678,0.8209464922205293,-1.0946155020929609,-0.5772500145649332,-0.23966428821777713,1.4666067768712288,0.5502005139686809,0.4838225536996014,1.6562781409214313,0.9540679627096992,-0.6773269156838517,1.697622746540992,1.1339067667324234,-1.96900512055785,-0.308567801962121,1.0743301174966788,-0.5943108373418463,0.6751138429382801,0.948995615155284,0.02308770344958843,-1.941126937812696,0.9661975889314922,1.485452203610128,-0.7765632841574637,0.03305654487408549,-1.4539520427060522,0.29663791487758323,0.0038321049415652826,0.25886614798953456
-0.2542010376017655,-0.15237525182291511,-0.17767272201721965,0.9282095114434467,-1.389768116579567,0.0009962802435447716,-1.5330838139334866,-1.7322413005228903,-0.12092798135440953,1.4084400830434425,-0.592381484807853,-0.03530180130586547,-1.633863401530164,0.7826337667682611,-1.1397852336266547,-0.1799387677230301,1.8633823632340076,-0.09135551352946242,-0.1729154278203071,-0.339568415579319,0.25612801580816974,0.5853448607757341,1.9394351860947938,0.8723345276300306,-1.0994498846792424,-0.6844269364346626,-0.7880504693371229,-0.05054995158141308,-0.08976804846405596,-0.23415586368062724,0.40060441109723316
0.6751973715063545,0.5025041134324351,-0.24709487180938078,0.38484481418832306,0.899025801590094,-0.192031029011643,-0.2747147517041103,0.8372784067825578,-0.9978679642904639,-0.9072205583458105,0.48575283004194864,-0.5593714829656139,-0.36059713774138363,-0.22862845365943577,0.2626902379703942,0.3834794327754046,0.06149816995765693,-0.3622204476854616,-0.12589932859803066,0.36604704819448214,-0.4211462870602498,1.517377538826435,1.267075448054726,0.552599327611504,0.02383492252361311,-0.02232443625627955,0.3082632892147259,0.08051350825984692,1.1698965333723574,0.9961346690315271,0.9353853838151049
1.6616589670124196,-0.04738080169571093,-2.467910125842622,-0.8346773426809403,-0.17675185508663904,-0.1765214323484372,-1.4883006129395542,-0.6157523149547928,0.879966459174034,-0.37978058354977073,-0.8308054751790092,-0.8918235308113377,-0.43127695788857257,-0.26188796655802393,-0.07889333501034101,-0.6192757898048906,0.9712635446617944,0.6398477494877566,-2.728305815254563,-0.7059368662604085,0.16848315540128067,0.7794784501043814,1.414660260697197,-0.5948041930303126,0.3506223758182848,-1.7910601706607507,-0.21558229443074967,-0.5590466147111265,1.7211317271455233,0.7726157873208627,-0.2823204479482138
1.704035166496537,0.06092635475154637,-0.6871878454472601,-0.9048118245941871,1.0355270918117296,1.7326461177860868,0.29468817412118115,0.3771984581076038,-0.27074270417807555,-0.9779736403620166,0.06189318090472465,1.202730068594118,-1.0729680112472746,-1.3995365787356047,-1.7570178885500274,0.8384719467793853,0.6113193150146498,0.6907828741288666,2.091675259364816,-2.690464222733228,-0.7089376378477846,0.6621641714580352,0.1406990442341541,0.5941985887008018,1.3242359221952047,-0.24093093967000123,2.2234660264573805,-1.7491036175795647,0.6855872551881024,-0.933476937359142,0.06009974765234948
-0.9739884326096835,1.6377144161882613,-0.1484303570394042,-1.319722910706093,0.08088499497132538,1.0324395216954378,0.5665923302514368,0.3271467459272882,-0.45329395055266375,0.39929118484864995,0.5222651473511533,-1.1262392823960934,1.4189479709445247,0.4667183107154175,-0.4189762678516756,0.43657328235639853,-0.10502685674330248,2.1126267560956085,-2.4259656009110717,0.38969206650660937,-1.2438970897156036,1.438119468390895,1.0922761685418894,-0.2138613376009861,-0.6900547609581256,0.44225295454550057,2.6334568805347853,-1.628631961040333,1.2773422726135086,0.1239162678424301,-1.8760614108205718
-1.4120724828845888,1.0992053721901427,-0.8772053350809995,-1.0998835231460475,-0.509047283290261,-0.3717469307562297,-0.9638290440421923,-0.6704124653048779,-1.061757993173552,0.6439747216359292,-0.7829460072137937,-2.2262450554042017,-0.8479513382328554,-2.0059106551637114,0.30519846836538334,-1.203376326828095,-0.8059852013832575,0.668573900685244,-2.200134163139138,-0.7950938700289353,-0.09753007036095361,0.1119652966344376,-1.736168584257165,0.07132445553871218,-0.06561413138223103,0.4971741477947711,-0.196682906173539,0.5510925984680157,0.04654068155730849,0.26612074649231765,-1.1623873690264679
-2.003011108112289,-0.4439205145767791,0.5178545593819889,1.3973848602629408,-0.6544026242573212,-1.8113269081453702,1.3624236883643754,-0.618073221567626,0.13730176060612054,2.694382465248555,-0.5725234780240284,-0.7120143511594653,0.36414533214507305,0.2784961496665218,0.22318252795486976,0.7160397399782968,-0.1252578361067161,-1.2568573056175836,0.5708818701982705,-1.5706511858072598,-0.08752702874657002,-0.12332417247444642,0.23570590668878555,0.3485728082559549,-0.9476196359043528,-0.5322720309891976,-1.784907276156266,-0.531448414698353,1.4109091872191144,0.020670711093810273,0.5806504704348892
0.4736067509104613,0.7052684045719866,-1.015016015957458,0.3906368552205916,-0.4188846991349874,0.2025320596560153,0.1615094762026962,0.07721135249486408,0.9992549406767995,0.832055236363987,0.2842327531519518,-0.7697852121317547,-1.2471008848984129,-0.6601454408829514,-0.7068776431432355,0.5697679011666921,-0.9646544062491307,0.7473905806571581,-0.2599112550974792,-0.6392147021196124,0.8301114719707632,-2.318209843892912,-1.722503870774883,-0.34096973764742994,1.5123840999594254,-0.8738685648469052,1.1942567346316189,1.7091788042636527,-0.18289083408667228,1.0583259618789906,0.02015076593690892
-0.02370082067835359,1.0093062707210814,-1.003797875144797,-0.012216578685854624,0.5138194764849167,0.3440476426567438,-1.4118910275532979,-0.7352938573401857,0.5136647562920857,0.20512682548539585,-0.9089815676043229,-1.3959520493281379,0.3903840005339465,1.424965700974417,-2.1802939807602484,0.5413450977153578,-1.3153564876605102,0.7686876944491465,0.5498776052844201,1.2627614753508336,-0.9338288096415632,1.0252409940057652,1.0979126706041191,0.012952005837376665,-0.760445028880701,-0.2519444312750234,-0.800544128808209,-1.123130867799735,-1.0050911779770184,-0.6918488398142587,-0.3837630108795657
-0.03747541951301225,-2.202445434263693,1.223044179822558,-1.3160451054419793,1.1511271374312222,-2.378086222007359,-1.2896101429289482,1.5972942031776556,0.87575138487286,-1.538613438965315,1.337407895137712,-1.1614260250103212,0.5546532321526614,0.8144629114162671,1.0421246710628034,0.21981262783084102,-1.4898524650939,1.3757219970225303,-0.40329653744122484,-0.2047539455561433,1.2997586348857098,1.0052134437016593,1.323414303395369,-0.31684601053280015,0.37741093376742346,0.5469840002533061,0.6809898118567341,0.3207921281415507,-0.8799257320677745,-1.1257214211057447,-1.041004518561944
-1.4476356764786482,0.9944623314589289,-2.144322583290849,1.040088297764762,2.8282246822162644,0.9274993278414301,1.7523878839688276,-0.7367410260752177,0.9662152044872265,0.7579641947054632,0.4302467769981403,-0.49555134594748834,-0.56390380342827,0.3830453496377639,0.18557224623456794,-0.09704606543395158,1.5190152325997526,-0.6380463341567338,-0.33345834869495283,0.9184736891447991,-1.0075201109717131,0.5044349979063716,-0.13120040274444633,-2.5660873136022806,1.0327123856200544,-1.6343363542977323,-0.9520965355794986,-0.034196685088828914,0.018309031082744995,0.3397326945285499,1.8181050308016842
-1.367488596687055,0.6084587281477932,0.2189210594014059,0.07613650463035569,0.6187182096603846,-1.3330464552234946,-1.385010976116868,0.21480985183944853,-1.3275430378686266,-0.48531319538703965,-0.6734532167523595,-0.7328868254278745,0.5196074510190487,-1.2373336530844985,-0.3955693325278197,0.014107606484946248,-0.6734123095009499,0.8055370762229433,0.13044295944080822,-1.0390318973978838,-1.0254064960614795,-1.5878625433538545,0.11981023886786356,-0.6524263280481595,2.0519809857866234,-0.16724608918267217,0.5615537934525374,0.3439924310844328,0.21066300022428944,-0.38299124998041306,-0.3250057628316127
-0.36075363133944693,0.6578918033471093,-0.18460736154116258,-0.16024621699373734,0.3354473302499319,-1.9894474239423323,-0.1670585798685431,-0.8292971972925718,0.46653104260470457,0.02458347193820916,0.8673128107593506,-0.0943375136842046,-1.1182352849278279,0.6419906814249017,-0.08779500598783012,1.6368039593361816,2.6517882062324234,-0.5509572811979813,-0.020655088618689664,0.23530534691358623,0.02559084348623898,-0.48429970626896296,-1.7984195140169774,1.7976296703166978,0.6758839047831066,0.8936698942217493,1.1100462704516976,0.08811211015173488,-0.4297316466977399,0.4902125075589319,-0.00860000634465767
-1.3692446643259844,-0.5812510781441376,-1.244129656045163,-0.5095699394881462,2.0780455115376,1.00895615118521,-1.1920983217294427,-1.662694092463155,0.843198245097955,-0.8967283554207192,2.078340829349588,-0.7834685071047839,-0.020710817999964787,1.3290675687169466,0.7138561676868569,0.5758909858179746,-0.9304747223731006,0.7648954979849635,0.40232005366006834,-0.6861091961689539,-0.13585833094872743,-0.7355274165936215,0.4215249791768104,2.1618307155983874,-0.16059239732183903,0.4137865599556345,-1.34716810070837,0.6627042319097479,-1.4447777142680012,0.41813981087108226,0.28742145467690294
-0.3071094255011619,-0.4395651332741391,-1.6642484356758462,-0.5019988984120215,-1.3873184452539582,-0.5313163706044322,2.2749920734840012,0.014976799774100425,-0.5294216935717027,0.5133191894412846,0.3774687865163235,0.10957884239790493,1.3815655160612348,1.214329427119097,0.8416494977666285,-0.015209574991246288,1.0034405881720465,0.9268520409794583,0.9744061226368058,0.14573901735097564,-1.1648219267937567,-1.4467174447227595,-2.0252909429555035,0.11880779766812787,-1.5754856388845537,1.2890362121591106,0.07959296989394225,-1.5694744877851197,-0.8668635140280827,-1.482314469084696,0.849325073857225
-0.16528807920126515,-0.3741670238270011,1.1833876714053926,1.6557242139796318,1.136451124111122,-0.9270631308607274,0.7212849984694766,1.9377983171971087,-2.4619350674182265,2.7451491088462032,0.33320765852615136,-0.0052697296762415895,0.6405591504111998,1.0484375433824862,-0.38504942621143634,-0.5198106121260508,2.6427460364228796,0.8381833919530624,0.42450073496146895,0.744406598314588,-1.6308627382463903,0.6585180289393561,-0.5981031902761081,-2.2826845691639672,-0.09906453450074611,1.3817984064337059,1.36309836232116,-0.988510499924238,-1.0145068454877344,0.7526658396882039,-1.1987883891879727
-1.138440784639282,-0.988673845431283,-0.5954008952981575,0.5834410157336923,1.5033359197328158,1.2517863614097038,-0.17434339429281168,-0.2060467011762096,0.11855916879311122,-0.028094664766659196,1.163892299143523,-0.1573688475904184,-0.09987027849300174,1.1449191807122785,0.16922158478855553,2.2228527746012516,-0.00888216151319443,-1.8974358349353388,0.3071911974147962,0.9529837241000498,-2.5360728973690736,0.316054791832027,0.4143433611765506,0.2201875015528572,0.8012847559751629,-1.4606306495575634,1.1841620222490294,0.06429685813939136,1.2261137545484178,-1.333733465208135,-0.4204087753140481
0.8212559530814905,-1.0760438592398383,0.7373401572276582,0.24662798601049218,-0.5440607281658021,-0.038307805930799244,0.7473616385235555,0.037074529727400884,0.15226767333995858,0.08755713717668918,0.2673325506122115,0.7456850701600692,1.4707729496748272,1.629413322976054,-1.920668074921203,0.9517654508890663,0.24320945523257617,-0.5904902192107442,0.8200624951737179,2.0475603583753097,0.7000806419978812,-0.6004521808217568,-1.4206795780547274,-1.0239644156192056,1.2494809188095177,-0.22097256705449694,-0.5245794713391108,-0.05694913844543776,0.12315590725539875,0.9604942192664491,0.11900281596337393
0.34040303477583334,0.3275195150782192,0.7301843571744232,0.22094878772333512,1.839939955399443,0.5517278489262126,1.1180927435263617,0.6211803925766067,-0.6448143858160726,-0.23940313768253768,-1.3825980374507938,-0.06524385569118331,0.9884693179814914,-1.1547265764654704,-1.5298178505410767,2.628519849762668,-0.8416190942443031,1.1102431131546333,0.06000618771354075,0.7735993124424626,0.4101302813695658,2.279196307032611,-0.02807172567407324,0.20663208381069986,0.396298712393636,0.21982594279824114,-0.20909762163985982,0.27205868020327373,2.4249547734476473,-1.311135560486585,0.32696446305094073
-1.3031678847156174,0.10643156550167819,0.8459126501584091,0.723157570382903,0.7620065394125458,-1.4733675390074044,-0.13535701060257713,-0.6445073033716125,-0.19086861092151763,1.3789484220053474,0.22163676189329762,0.5701873729043383,0.8962682061548781,1.0583506592780545,-0.5460211704938025,1.1922211497975241,-0.948909552013327,0.4572436566714585,0.8764087710381333,-0.9736244365975862,0.90162619501086,1.2402086912679005,-0.6209483873805541,-1.918813516188987,0.805781443248522,0.7798010759846423,0.07898550115774979,-0.982762876961896,-1.497162028671519,-0.1058625067661442,-0.6850795183680553
0.5565555122444217,-2.8148882508891986,-0.9443177928064358,-1.7952761020591392,-0.09673374276605425,-0.6023157928720805,0.04776167602714555,0.9181402496445578,-1.1851793731033826,1.1661125031867907,0.3100628071964169,-1.911493349906742,0.33265139609224303,-0.365678702766275,0.18112429949557565,0.6955173009239949,1.044658558298747,0.7232365820220177,0.1370524455626481,1.2188381297813713,-0.605494257572605,0.3983224968129881,0.06330913368048245,0.45889422190846424,0.5518588925948702,1.1238105332759152,0.4821729090773679,0.650545606184078,-0.5205634061714796,-1.588476215686938,-0.23781492099925716
-1.043471806705466,-1.0162937172338946,0.5437282220964215,0.23939779741204958,0.19715655871784227,-0.6845886905096565,-1.9351133785340113,0.2124752687587164,-0.475450522275729,0.05921510253011502,0.6386722174133346,-0.7588135168226506,-1.1202828485101783,-1.48681790433209,0.5136450413157655,-1.4839017046894698,1.3993283631998863,-0.6368565787821886,0.2969293031929189,0.5404822756806488,-2.1048623921158898,-0.8183164683791124,0.33655018395536584,-0.8163273288962766,1.4271804888140909,-1.0370811258300445,0.4595192971421442,-1.126906325560585,-1.439955093195564,-1.2731782058031569,-0.9349991060669733
-0.05479395912247106,0.8942797444673137,0.033976109134428625,1.3401367137961868,-0.12165205397986392,1.5270803337692458,0.8783988648542871,-0.5896105984579922,-0.18579322806333481,-1.088008288247485,-0.11168497697805733,-0.5680981208978886,1.1116674072765944,-0.16268722446795647,-0.4863016395469626,-0.8275814335712752,-0.6282045045179654,0.6949856743738971,-0.0781335273908825,0.7186390721972433,-1.5410779831728734,-1.2229809387597281,0.6669823543577772,-1.0487080650063858,-0.4465123214217627,-0.5479361790812117,0.1992079731203126,0.37860340348342697,-0.1470825016444315,0.9217179379706752,0.6579802439287453
1.0503476478610456,0.19931344421477143,1.3020205040178314,-0.8582383701883333,-0.587766050273105,-0.07818423582308785,0.21120201962072577,-0.2215245597252074,-1.3855052486668065,-1.3435956709767003,0.42190562160794454,0.38083374174918944,-1.1551988713608567,0.21601758468512436,0.4252510322723654,0.5250214354938725,-0.7471882111251397,1.0168055040367012,0.4693386777512106,-1.2818425980754318,0.9582888600666691,-1.1641762550656998,0.9096305257795831,-1.4250882907628413,-0.3208897995212827,1.3912884743201872,-0.26841796305619786,-0.7099092673664849,1.9463713822705007,0.9566084037658495,0.8500605229989682
0.8735821781051789,0.9743609004508522,-0.6995223060605122,0.16908356586173218,0.37779941215007196,-0.00870937405615676,-0.315009099399971,-1.8297751283626091,0.8332816469841596,0.2816794008738424,0.1501932439043302,-0.42963363924164455,1.6334248800633653,-1.6418222159107658,-0.8189360186484522,0.7695168771697042,-0.27010276258720917,0.7270433534952206,-0.5599853894387898,-0.8493754337863958,0.1262661270549855,-1.6557758085228067,-0.2523838220131376,-0.871067233805308,-0.014366676027285238,0.07181311410521696,0.32906343667772625,-0.48272845236065,-0.335623738487663,1.0591343531700934,-0.421467358838406
-0.006043685686481091,-0.7417823021783142,-0.19345676678898585,-1.270011116484378,-0.8266035291939142,0.348817619028642,1.5919867779198622,-0.7341605891065975,0.14118438962385754,1.20019190658706,0.372139366792385,0.1999102142915332,-0.6524446404327608,-0.3805392235783422,1.1281151335730946,-0.3025409280938143,0.9246774416770003,0.9985001338027295,0.8527862738415722,0.07288786063085001,0.24378896132469155,0.004838063065676219,-1.5469383873102338,-1.1503699615113319,-1.3393221377354056,-0.8369399537232,0.32450720499612895,0.16804592879937405,0.05147398131845334,-0.6630382014852245,0.9770325868259906
-0.31208345533012244,0.036230918336658716,-0.491447513925045,1.3029676123725955,2.5152031560488703,-0.2643282036454031,-0.49253235650322874,0.28780340465542037,-0.523965069184013,-0.13910213280096317,0.5094807446420855,-0.019063343544593738,-1.7417806210972386,-0.5735989136893832,0.41312231260068943,0.272529721236768,-0.31476836791506,1.997057844407586,-0.24708307204966432,-0.34400531221429026,0.6860474671134569,-1.906472092651714,0.8279170729310997,-0.48679765231817673,1.2753492484453826,1.2004665317821872,0.21087685546550744,-1.4325253037710508,0.710964913746874,0.4594280217573499,2.2431829449148335
-0.96388773368993,0.4796277058536574,0.6816832636065111,1.2600516347294988,0.7516263440464744,0.18823707551320773,0.8448448155615634,0.3745645490560557,0.2810370803899837,-0.5286187043319762,-1.149873174965847,-0.2125974776480474,-0.5191131631785345,0.9791577063083946,-1.1874722634292958,-0.7318429380830788,0.5683935513698796,-1.187680212144526,0.5942275146145197,-0.8697533994401493,0.8435241434271161,0.7943767619304234,-1.3969651186783685,1.6781069648036964,-0.02864192797965423,-1.628772526293365,-0.7096077100340472,0.2603496842642709,-0.6720676626087956,0.7734137161768313,1.9207695924913093
0.7981515367843668,0.25803114762818063,0.8818816974588821,0.24671260893278177,0.1598881489089251,-1.0317236180028047,-0.4803533049202708,0.41036499601631526,0.23239945120672773,-2.4821348427051664,-0.6020563299290328,-0.4976066674364761,-0.6568736095286474,0.06049095178318171,-0.5075378103432705,-1.7423462015208926,-0.23463834469797304,-1.5127645920443584,-0.530353015282502,-0.10133774935451942,1.78341545224918,1.6621189308542117,-0.45186582372633133,-0.40868100508089045,-0.9085683626181138,0.17015279878596623,-0.436625756311835,0.8243879967421144,0.10637270397325206,-1.0229924119596934,0.7117226022851264
0.6415129798796012,1.400778610601137,2.300670401434254,-1.2997427558652657,0.43895589562851417,-1.7753526651124754,0.6890730939702997,-0.5586721056978251,-0.6635338546879785,-0.4614062244960952,-0.4523944609446926,1.0044217229512533,1.9711940131565162,0.8515983922785184,-1.5645141639418325,1.0102670966738794,0.9756368979678156,-1.28894112654026,-0.3167311425539379,1.1356989440282506,0.38320540312936885,-0.036465752039587664,-0.5318518253096227,-1.2756071162515268,0.5069980418304736,-0.08968738690361171,-1.622291578918867,-0.9362499717231867,0.7612726834825868,0.45298906413692247,2.2797601220856643
-0.02277152780953052,0.5542066886883373,-1.4227161962162351,-0.618780045054283,-0.3150974257892915,-1.2020485230818918,-0.38042594571255534,0.7696828949789276,-1.15687085775931,0.12398865836378184,0.0422283362919307,0.004712598883568555,-0.19692979651618545,0.22824278951188726,0.9524240704550655,-0.9243395753817936,1.0851054917205027,1.210368296227173,-0.2843357406667059,-0.5105213798571093,1.0198751639569645,-0.33650389734930963,-0.22037807520972957,0.386692026194602,-1.7251903340593313,0.37054621543844,0.5194342833862498,0.4607249994216711,0.44339456181862114,0.8197321577209573,-0.0020631264138919027
0.26477654265440853,-1.0888135679059845,-1.2066726902055758,-0.4050738168329314,0.26916570126621997,-1.9921844551072767,-0.09487894181466837,0.28557948863418015,2.0385205170467184,-1.4253091629932584,-0.35721570379665013,0.3043507592932874,-1.4462825239266834,0.2259463059807261,-0.36107946339927094,-0.4557477675408807,0.43102677151776553,0.25820637810206976,0.5173291467090084,-0.11602109747118043,0.5435609361065095,0.1674595308447449,-0.7579405108260121,0.5933518556252434,-1.0423868991165888,2.6590970386284356,-0.15171919963726666,-0.29361962296329536,-0.4581155511885768,1.7858812097698507,-0.04365285459639982
0.07214519500861406,0.845571665027232,0.8084329266888781,-0.41695448816132996,-0.5822449107920087,-0.7306169438140605,0.42386640186533237,0.31361959031990966,0.22253067663148535,1.1384927206265494,0.4260090844228289,0.22571242322770754,-0.06446675935249606,1.664925569430969,0.9917665000089673,1.3802059117639411,0.5931846377837228,0.3100625492969911,-1.2440675601746098,0.7530177862713412,1.7862449147656054,-1.1231081137148213,0.41003363003506316,0.08775275443651687,-0.16279735491138417,-1.006405723621586,0.15402731591081037,0.9091165515140621,1.2785036689478675,0.4932215669412752,-0.27139306671755437
-0.6765773481194474,0.14810584328301074,-0.0648564008609387,0.0735573807002051,0.358386444941641,1.4599284458242505,-0.6747187651937967,-0.9992907665887066,0.5375979771311087,-1.0644335185745268,-0.32209194127973284,1.1888718092278157,0.4797746794323573,-0.557837431156618,0.07876927713157333,-0.41011482392374304,0.830357344233849,1.3750100888443753,-0.01903394899049992,-1.1421698603418262,-1.0678808356682716,0.26145792409003044,-0.21090060406472355,2.087174201303148,-0.2753769464897388,0.23222599744827774,-1.2321066693225944,1.0059157346788725,0.43464743472920325,-0.39675678790070074,-0.7749158164634129
-0.25021896077595396,0.4903725026733011,-0.04160901677293358,1.193299956651311,0.5011750491005125,0.5559852479541928,0.47259890629801937,1.4560241020476044,-0.4747204667141372,-1.2579966322838478,1.0112017438108354,-0.5621549861264485,0.1262281276337433,-0.3037734149730006,-0.46066461130439645,0.35260759249133067,0.06346545333831408,1.266794455971441,0.06107794451137981,-0.3253360438267969,-0.7102727253031396,0.19976594704215525,0.2513169505922928,-0.7710941727392048,0.2536444690647173,0.0468737996488821,-0.5249479553992348,0.47494454981704476,-0.2990759653362412,0.9515713166973859,-0.29481166998295105
-0.1481512332603574,2.009857707296069,0.872843867027547,-0.863797884717051,0.3507828943303416,-1.290902588798781,0.1599756602371664,0.9493168930257225,-0.16326730476046997,-0.6264699289269198,1.2461663917037806,-0.36732013136026237,-0.03975541953698214,0.1821440592441804,0.5878270609878675,1.9425267800408774,1.5825617687857176,-1.1902493458848886,0.7464168453947964,0.07324269904006064,0.024215964725618103,2.6038666680327665,0.9780500944229363,-0.5715430117231731,-0.14339110756749765,0.5327447677783591,1.239831694423044,0.38443735804197465,-0.05427773596048685,0.2074681427011506,-0.3606963621593562
-0.715690216551709,-0.5395414131498716,0.17924995637319896,0.07235506434051549,1.400860756939814,-0.16173725572372552,1.662882654548012,0.8054072293883611,0.11649476617951925,0.08252352515384018,-0.40788004382027854,-0.9047156901150195,-0.009334102203197941,2.1410759057530595,-0.3869690869943063,1.4307862323235288,0.4892054584388531,-0.31519830347092365,-0.4119585362188734,-1.1295311011805471,-0.3851821930494921,-0.30019345108212486,-0.4466931164295396,0.360652913684943,-1.3848901142447567,0.8069466436877469,1.729919443045946,-0.3560005206731546,-1.064241347995982,2.8074240088828195,1.4218489640766314
0.7200294666627374,-0.7447482468535671,-0.5291005903561643,-0.010125206416870149,1.865941154651338,0.9198011109030224,2.4015639135289115,0.6068648034086737,0.02932258811442347,0.7869277041047107,-1.4912813535292824,0.9857861474492767,0.3266108899459737,1.1088051224863917,0.21114229695985812,-0.4962920459054199,0.7067772127340198,-0.3739635037463888,0.09022463455252684,0.0550098085471542,0.7901909679960594,-0.21678074221387,-1.8156891826221586,-0.30961707980871694,0.5298073089125979,-0.88825095767542,-0.8156886950333314,-0.5845797713589791,0.06350914872588566,-1.9452386058423436,0.2629367310312155
-0.6471883261480076,1.7100421428269545,-0.9177231671395015,-0.49757849012900585,1.9364860465046294,-0.7029683005944135,0.1659829170075273,0.9286154143764158,-1.899149437093723,0.132782322807143,-0.32883778771449906,0.8572575552049232,-0.608513040500737,0.02618444505568758,0.4518798735149185,-0.6240901685964887,-0.9264712700218887,-0.5957829819368562,-0.44401833634489063,-0.7635467391857494,0.11048534731800631,2.7357133142855883,-0.5655701126714684,-1.789935227453629,-0.2406707100118219,1.3068142855776208,-1.080719916368851,0.8158153342943821,0.8875158869471163,0.9835664151051289,0.31186031032848255
0.2526791167763527,-0.3393525599436346,0.05409969514393047,0.06598531569288858,-1.075499201384988,0.02759628467669022,-0.6177551178734394,0.26432114301518844,-1.2453181420289068,-0.23237695403150163,0.10826455544547513,0.5426152653285363,0.8516653724767471,-0.6995746043969927,1.2001641629791144,0.6693164093040481,-0.17821388532580287,1.5515876417142547,1.214392474508946,2.4838483256835455,-0.554834466384546,-0.34585917093117413,-0.10307477553519424,0.7715804854783966,-1.1861625505449882,2.47202996440093,0.11937517782389698,0.47920700054905535,0.4398727242057772,-0.2851347053493358,1.5969169086514041
-1.2013582045549815,0.9751520131601794,0.09363442505760786,0.11085972962830073,-0.28163493188444577,1.4606640753301536,0.621855405743809,1.5314113183983893,-0.9125595380252997,0.19040493024552946,-0.11182627703067918,1.2381222823286533,-0.17306410380290513,1.0928753396666357,0.5633424844018954,-0.6608636797343311,-1.4031422823957407,-1.0908029802900023,-1.5540806633319917,0.06233575207964498,-1.219135313481008,-0.896679454085398,0.837242774488967,-0.6715304210026349,0.6030688051311234,-0.6035986695953469,-1.3295685014725944,1.0691108574502113,0.7880710928561493,0.2679067161596674,0.6123019254204733
0.6561708080450551,1.6844751696312878,-0.0919750373503539,0.9377991792251515,-0.009140465018928295,0.21904951017467053,0.9328850418059605,-0.9458424475124413,-0.7023037547209319,-0.0003735267057752008,-0.16778217529729383,2.502759524253467,1.4626248479491983,1.178359515567339,-1.9609007117697081,0.46662074375707824,-0.18706887352450952,0.49574390473572694,-0.7204949285531843,0.026779324749824928,1.7559267204771662,-1.6194174691014998,0.9938304034713552,-0.931971410983954,-0.4493053694456526,-0.8990279396094494,0.7151945817926796,-0.1731765091314864,0.8743279518130546,2.0247996742806267,-1.5689170265543166
-1.0440642255118942,-1.5338499681647688,0.5776466299537986,0.8786878632172893,-1.5274258640455245,0.1992153403853976,-0.29703061802190744,-1.2672640260611094,1.0740138848926044,1.348398451164621,1.559748440432697,-0.02468601412093804,-0.4003065036861435,1.0755443383476224,-0.24868520763066954,-0.42298280031151425,0.6901638309863698,-0.43565793293772215,-1.9250423636619103,-0.4685151723829386,-0.5118946484689245,-1.4955639720816203,1.7914766864666356,-1.2691524411401485,-0.7389673176691353,0.34412925814851836,0.9406833438800544,1.475816315663012,-0.3476634466939289,-1.7504433926281542,-0.13002833157244603
0.4205919240606381,-2.2627605391874455,-0.24457475298776976,-0.5467137535343192,-0.024098855253761254,-1.0269048999144368,-0.7690473123811791,0.10096778002922967,-0.5345528204387364,0.2227787396680317,1.0343810821134114,0.6366980700471143,-0.27088972132155426,-1.6155530113358108,-0.15642837988957756,0.4148426176940464,1.0706695558741626,3.250482346321858,0.08286933068373559,1.2693965773343927,-0.13524718980407413,-1.2382878382485714,-1.2891214265654947,1.6177414375021508,-0.2488141973718099,0.08379776845412214,-0.7976768975510535,-1.4023720216699729,0.3142285003635118,-0.31958806767565073,0.3170926423800457
-1.2180578877769186,0.08225302481638055,0.8654752929660339,-0.486831325728717,0.9706487095391841,-1.23012761543012,-0.8359756099477448,0.5681082486707791,-0.9987280733529216,-0.7539315493246791,1.3388867648222467,-1.0619439395627808,-0.8327318927650218,-0.6825815397925851,0.06321188823724132,0.11130372031850069,-0.7331115240097296,-1.7351181450331203,-0.558923255443295,1.112259832725616,-1.006128035758737,-0.11433118169529419,-1.3304148295857368,-0.5692954683537921,-1.1443362961785148,-0.7284839798857794,-0.027034543136833834,-0.09315738787172573,-0.0652977405312501,0.07961451902432716,0.5553320865957377
0.026575012661558126,0.08315644809535995,-0.35883494823504963,-1.0078108205313074,0.5574855659516035,1.2806465326120016,0.2247103370288739,-1.8909131739272382,-0.37108804818283897,1.2253498378332508,1.1555211766083002,-0.14877599564150337,-0.7044268095425984,1.0369597239672086,-0.41436807950522947,-0.16395996571128968,-0.5259105373211153,-0.7753953850134668,0.15129412439675874,-1.9275381808190688,-0.3881874484496285,0.39223125784093604,-0.2493327313751365,0.6472472637549687,-0.703641241962636,0.4548761164564513,0.08968228984670108,-0.37939314020196147,-0.18313886707211532,-0.4217118833712747,0.06849847797298485
1.0879636989566726,0.4064066073174652,2.0228610880833484,-0.8051296873412406,-0.9524456572336624,0.05380754423686444,1.7575339890520807,-0.6563195667000065,0.0739502367031678,0.9615346243398977,1.4901575022368445,-0.7892313103229448,-0.3828125433209713,-2.4420379336325277,0.48925622926818757,-0.10968886077377944,-0.6390270509446105,-0.5474040613097151,3.1803169433370053,-1.3995426476770407,-0.5020220656461662,0.8232091477537055,-0.8210354458652408,-0.6478416187245218,0.3910093834222383,0.3222681854758334,0.7084376668975296,-1.484964636922879,-0.18406865309927567,1.4046825871071267,0.4431307840820026
-0.7232393972598835,-2.4338190359768817,-0.6941818305979557,-1.0997565420909319,-0.6875643050992105,-0.5849687603575845,0.4715488270160225,1.4868922844677563,-0.1942726114310092,0.8433475650604502,0.06764041935291397,-1.299523338418334,0.9844757228902633,0.30622003382972574,-0.10657177742751082,1.085648454059576,-0.16793958317171298,1.7739357518400347,0.38646425938776363,1.68846865727833,2.0070950285081994,1.7144037168119497,1.6748080378638643,1.8198436096859063,0.3771366552237705,-0.41915902517636344,-0.3075536453632658,-1.0220445329646306,0.3735136002680876,-0.6900156734531451,-1.6192068163878737
-0.7046272945992668,-0.30999708646815716,-0.9872470039508794,0.599109510303637,0.5000478847614837,0.3058949167177279,-1.0364813379609095,1.2766579143494527,-0.391952641152102,-1.6172912427671229,0.5208956637961919,0.8018681430455992,1.6302998491629246,1.0175348425093018,0.6224347761898231,0.9586311928105857,1.3704394490074856,0.4299422536817755,-1.2671135723771452,0.3337058064266041,-0.39144570479722496,1.107468391492036,0.6526792898087119,0.6753867630142236,0.39006887702226195,1.0200726998889327,-1.4905300322394457,-0.07032773870757973,-0.42264480447428737,-0.5816568398011538,-2.111989689419543
1.1821301051171746,0.6179359005033694,-0.2876466809304492,-0.8688890799694967,-0.6157669950811976,1.525252904306997,-1.2706846366158628,-0.12791050299374962,-1.3922233112440061,-1.6551536372767024,0.3774704945645211,-0.8700167840012868,-0.15982146169304032,-0.03405275981805516,0.05419730745423821,-0.41816026353982294,0.8690231395290664,-1.0182004732900893,-0.4438082186607874,-0.6377906514777539,-0.15417010468828066,-1.6088828122735597,-0.9620863306747433,-0.6954045278009949,0.32970287934007403,-0.393538158512845,-0.8502278007842904,0.5754203566433665,0.044380714366047645,0.4103345442468466,0.8790537190613474
1.238567187875069,0.27015051565631154,0.15540946291252644,0.23822962297703087,0.17508177164073901,-1.6299636021815702,0.5304619941073507,0.09460124145277744,0.5460487886627082,-0.37460431091402135,0.2221722487246917,0.408120112979005,0.7923003517537545,0.32409024169737327,-0.43084422793509836,-0.3093599681231584,-2.1023929596324518,-0.05746798016287266,-0.8983508009191813,0.5713423737648767,0.8715019694000339,0.7447129924560679,0.7915668046322871,-1.4805554063462347,-0.6696848841549284,-0.45378995734876443,0.28740521606265856,-0.2849841329615501,0.030542291360005996,-0.29243772786997035,-1.5852034971863707
1.2512101671476976,-0.08822137951534338,0.5612542969557873,-1.2381916702091145,-0.3026782168110549,-0.4601639768546477,0.9178532925392235,0.2869956820825557,0.8858018967827902,1.6471002609558323,-0.513064064835623,0.6884921081258094,-1.3468722712076637,0.9772327021345251,1.490944250616509,-1.2109595234396717,0.6013377511187561,-0.22441826778645374,-0.9053357922866818,0.5432323995058715,1.2254913607509637,1.294641922298832,0.15318429545583406,0.1463205001079749,2.0032497211127906,-0.7656549153350056,0.46187779526505557,-1.188494308730071,-1.642694930203129,0.3632068749797217,-0.257894579746003
-1.1086068701439507,-0.24710213136557846,0.6726161785858757,-0.06752290246479195,1.405102526135101,0.9007555926449985,-2.0489364891864756,-0.14480055062727876,-2.147743370843509,1.2025041512655883,-0.6580793890094703,0.6645648536681663,-0.12337888650858767,1.745287279390051,1.4934905702589907,0.6580449496009008,-2.336278856538833,-0.630263680164805,-0.6072245329350503,-2.4789906821809935,0.9193294745236064,-0.6477019979520366,-0.43136936752922966,-1.8042025185214623,-0.17793385334807782,0.31696592470912044,1.4408224717675084,-2.2046311510564305,-0.46749606805406124,-0.26572639819291616,0.24708229232364107
-4.46948839340749,0.5195203186492161,2.826179630347319,11.639117353935765,-3.0932202529492256,1.4799756340742034,0.5577547974336277,1.5074567551660534,13.36156480296172,-4.42232585068963,0.17000755722859573,5.246395718003736,5.7517532440668075,7.624321682140788,4.559691052303865,-0.13128731363245416,4.4141412786095415,5.085521709228667,6.406154710697489,2.4778443201014384,-0.43293474935111487,0.41314148260555195,4.653215398434876,4.445471989907524,1.4887646509161372,9.335355620794953,6.478236948050215,-3.194145754459499,-3.898719361119774,-1.687066233043446,-10.775705489129265
-8.894510043869968,3.19224624614506,11.134283564616059,-2.292699065322477,2.1996598155057336,5.106140524833581,7.5243130415338,8.780687829535934,7.861842468697808,7.568415268010001,4.462030123002049,0.535674416577137,1.7182665320539927,7.248046622036653,1.6447256114643296,0.24064408997442155,1.025109933366583,-4.80082522575908,4.119645569183196,5.024860633971724,6.030312302059444,9.00738536874264,12.666021777317564,0.33407727520994035,6.491259412009996,4.721762626237317,4.054364093461746,-5.46015779880816,2.8051639456103086,-1.6317378835180874,2.6033260010341293
-4.631018289145901,0.9613677190312888,6.153820022969127,2.311213060255572,4.861347267610073,7.7797898110675945,-8.317733896849555,2.188461530463486,7.079023540178921,6.284968239245432,13.143816701047474,0.10602214645738672,12.415001475938581,8.294580884941666,8.7450734711057,11.300178305930993,-3.655530414361092,3.3727375179756307,-2.9796949842596705,5.964590516021484,-3.0408695025246875,-0.13719726711428848,11.186347955007687,6.218163091829398,6.5382726833555775,6.482463838447603,-5.497607733633669,4.971396997052539,1.3649415319818414,6.6670685202949995,0.540879896718176
0.5938428820447839,0.2785727413417236,-5.994888152701122,3.3678581358881834,-1.9304677831223862,-0.5305220885746129,1.2315013477808128,-5.322859983820416,-8.549442319392812,6.83754855803996,9.754004509965842,10.05609500597788,0.667486596290976,0.5294768576019244,5.292543760470612,5.293886587734315,0.8946174691302531,11.11225168116722,3.678960300434826,3.658460721716758,2.7580219615988693,4.692099021058228,6.352778848740063,3.978822319171951,-3.6515816950472697,-4.222688582938857,-2.153477014876559,5.719731042945183,4.446968103198185,9.78356175254704,3.9607319880879044
3.6876458791478077,-1.406008124014921,1.4196520188096764,-1.1422760344691723,-1.4347229715634118,7.744781155654291,13.994401892404403,1.8705013010098612,4.505074545170956,1.310909493872328,-5.133575394079996,4.196619986884062,0.2624682073661271,-2.5901634975329824,-1.5731921613626945,0.9773145440883733,0.2782583007151138,-5.756735666765135,4.520256646890824,7.985021249022991,-14.212135833384934,2.2306675997849377,3.887037349378913,0.02529978755827078,3.028901740671081,2.454747764651497,5.355340919643215,5.259399073054526,1.332020374898251,-3.270324134330375,7.589176326340507
-2.3489353381384053,5.620639173934668,10.623283401935637,-8.997067047245462,3.3938644961472333,1.523937787662676,-1.9691550135757243,1.6193459923801523,2.518550651512506,2.0395202892193343,0.6345000827997509,-3.1171513049166713,5.1279538539011895,-1.932330892583745,-3.0677896571574976,1.5463501079095905,8.375451023326425,10.423961890424865,-1.5326743798991607,14.266466636563695,-1.5269527658060391,2.7217837384599033,4.220527028366373,-4.406474806892187,7.16996142624559,-3.1408389631373357,1.273302036290145,5.430768001718817,2.2111527061445213,9.007098029305645,-4.548942084720429
-6.445725394332657,14.80160163453089,1.1055857028924114,-0.29109844491628056,-0.7893831807407663,4.556964743554236,8.571680947945497,3.8682486884452216,5.318948874343269,5.027614995061813,2.6180973254248148,12.10733164280192,-3.9797547772697097,6.82734707908636,-0.6714537045377327,-0.07993485825534385,5.2988883615649645,4.315825538970257,-9.479952059798178,-0.476376511154049,1.0400938497298717,2.6553196659356666,2.3718967921781817,-5.676412285018892,4.838166132862856,14.829538907815206,0.9006798826371161,0.6658408119832906,16.494381646013462,5.709033113312553,1.2686061558062223
-3.5411309708776644,1.8657705033647676,-1.6300519634994148,-2.931046021023197,-3.3421715527809566,0.15351685400419868,-0.10120502552623023,-1.2159741060139413,6.245739320709186,-0.9891179431159571,-2.3349721959936947,8.188890499442955,12.352864235973582,1.6283305262201297,5.386652175632932,0.09349918013976244,-0.5218102189564346,-0.917429733795811,-0.6224882077910272,12.625253999670313,-5.295994779832592,1.0641561765518741,3.80913892731847,0.2362051523075528,-5.830092317721568,5.868481228568562,5.450184966477919,-2.55156663951131,-4.277944301476566,-2.2065795673004374,3.0728759842882014
0.8900421904219409,-3.1402018153171234,-0.9525536472681098,11.65331966253186,7.913369881887649,-6.3047318943965,4.234658860368331,10.157532758487127,1.5615141332313855,1.4780739094172335,4.893775139381577,-1.0025193777806978,0.2700468121926769,4.920591813878163,7.4299885974954245,-2.867128632728165,7.373286057771783,1.7532876820373948,-2.1112547815836917,-0.015826828278501015,2.8688086105510835,1.876315419320951,15.104515748009067,6.338470072765003,5.994688525291482,7.032026201784595,0.2722321944820123,0.7023170434287145,7.372672010113437,7.652363022758809,-3.90881037128601
2.3139067367960404,-4.130473286644421,5.821816221590403,-4.737230673811677,4.00550296635841,8.561131984238935,3.6827894944222503,-5.77214081788093,-0.1689750243764565,-0.4065490202633084,4.3773677233675095,1.2404028198323074,4.049334176496073,2.1356960643593403,-6.903184250117601,3.877638125486286,-1.626198472640938,5.242612731200104,-0.8292684208772769,5.5971829670512925,-3.5677879822870207,7.662012661361655,3.31075877881059,-3.263390645511433,5.543226842138943,-1.334587919857677,4.785555658835685,-8.070084233064257,7.391575842734992,2.393895049614346,-5.008664105992699
0.5544898942435876,6.567823333301201,-3.275625257919593,-3.0218719567182646,2.549993087759344,-1.7048422898651765,9.871272910406297,-1.3659961367846867,3.3170704721985667,-5.4400175331947604,0.4994473080950943,-0.9680876992774881,2.2040974663129775,0.990271190520259,5.961841671539354,6.045754088565729,-5.981964313807928,2.045129252599657,6.517380274740982,-4.464880731488431,1.0530154195659462,-5.437792188561273,7.691475880593972,0.7376642813533556,-1.3633230630567983,-7.28038491267781,0.48389710303157774,5.73258165659918,0.7188646777615193,-1.2849107812488088,4.980629242503428
-5.348800802820752,2.6271422223320364,-0.29809691998650667,3.2250861078752164,6.1125486584675635,2.1500559830541466,-2.8331082228817683,0.7432874988787579,4.972235416085503,-2.909625173859708,6.156707566543558,10.61824081342273,6.392650667460778,3.6537816888631385,1.0535932865826365,-4.680617258146699,-5.5971858451945975,0.045897146326031146,7.100785787440644,-5.650985086615769,2.196273059850945,-0.4729939911893788,1.7638734932313236,-12.705036892719505,6.765939467095006,-9.76133068353984,5.501951616987821,2.2286176349019398,4.903345647994556,2.746975473966068,-0.1759994863416363
-0.6610923828381639,2.311169459077591,8.399854685564264,1.4814032437069433,1.0335889130464757,5.49356670263196,0.19275221055502656,1.6428845862086638,10.335647793934342,-3.368169908817518,-5.87703279557059,3.282473477708625,0.0056768002763532,-3.337182695923418,3.4147141006972275,-2.9476783903918005,-4.9062425073098055,1.6232386758375903,6.132051642295484,2.559609279380059,0.4159807456565212,-0.014039007010022697,15.551917860886391,4.246120461862474,-4.2019699407200415,-1.1388562606944719,-0.6662134313921033,6.1958628159203855,-0.015681241109082755,9.433161779051973,9.052452864932965
7.289369059878997,1.907255639587103,1.0744101066798586,3.5049951744766137,-3.9508685667046723,-2.7742732626031517,-5.840227911159934,2.016731576066821,-4.14671545916144,0.7859953758848264,2.233877973074238,3.989196502142465,1.4851977860321468,5.921808619075248,4.9129453794815445,-1.5224185144163385,7.726495069272995,11.106061845898857,7.233253325416966,7.837709769817768,1.6014262001236603,-4.60956463002477,-0.0485812019900278,14.896935448734855,9.47310737126227,5.582581299250817,5.254048911239673,0.13880436473592894,-3.8478261228562145,8.126972701545053,9.148150917225625
-7.820995588564905,-3.6012810917167926,2.6661449866352465,9.740426225940677,-7.80715244630802,-2.215328300095001,3.0736079509060126,4.5740600529574795,12.299637391855454,-4.2455364757172465,-0.3170453987498072,8.560811284096797,-4.616895153696575,2.4890577194974024,2.8712410540755675,12.075490337467961,6.193249081687139,5.165182703750645,6.064628135510453,0.026124565755061502,8.184483274062003,10.394318232501949,2.6142919292175333,-1.3235020815171854,-0.5613515802769857,4.063647654735919,-4.263232029462004,4.970387369939652,6.023949213009649,4.7509437993692405,7.391040250341927
1.0916887578275491,1.388043615452876,7.925767252784628,6.194652765044969,4.870608093143744,8.17243157120856,7.847177291414428,6.1502428474317,7.479368589144964,-2.2458794451038404,-7.87877878320935,-4.427118861754427,1.4387857443799872,5.423291801765072,-2.898098523962192,13.719137655640859,6.25539347058264,4.575691818928155,-3.326718818898943,2.855956354333083,-7.061692496027636,-2.963037591652684,8.595494778119356,6.032851596582982,-5.735248827569348,0.06312971757532404,3.4959743487501007,-0.31860638018867915,-2.2298682521399558,-1.5958697162383713,9.253891335474997
3.101533942654902,2.2888546746874168,-3.015749512040257,-2.85474158389737,-3.4297662169067547,9.857340596153223,-2.8980791852435877,-1.849404120607777,9.886011361613043,2.405928617689643,16.121352794889795,4.061821691471657,-2.7081171181999517,5.115668247305202,-6.261780239305693,12.463791737784764,3.571795054919319,3.5256578705979864,7.492568112672426,-2.735141692687482,-2.271419719436664,-10.393878071423085,4.633468310141803,-1.5709338317344312,10.060683858061497,7.471667864970503,6.407402957716913,7.912762836628217,4.045875863924989,1.0753122429967825,3.8955019886405253
-4.3633412419389,5.114356625664549,5.712151952902558,4.181628519909371,4.3229120289442236,6.224655652159472,6.018230186777916,-2.1671195155655987,1.6614297028698588,3.199790284547488,5.29164093436959,1.7005847572900603,-1.5264426983668509,-2.587723257524006,3.7609594760930554,7.449400317550371,-3.60797339972647,6.623112954986852,-2.1018079483134935,5.868095007213509,-1.1583114624457393,0.422833399726777,0.22437355670214432,5.607020452740909,10.483804017197969,0.9345404391921011,9.769646806833812,2.1252754571457197,0.4367218673373823,-8.43071416259747,5.492960607861156
9.242117956308348,2.652883892999667,4.969075728973969,-3.2043208360296997,5.975418693527284,-1.4935142377088857,-3.832067706621256,5.221624841323806,4.875215323879569,-1.587086837415666,7.807215995866931,5.6496351642876155,9.5224457705919,1.3545272779625919,0.15835173977391448,1.6448751156051402,6.593569281059499,-3.358829468576878,-6.925312096807067,-0.5124955642631281,4.081906576291587,-1.7388512102777254,6.896999821487668,-1.5036646897526746,-3.5148020020537736,-1.0174816397720292,7.929698317733047,5.844915599391324,0.8866543821095874,-0.7196019848155362,5.925998231868455
1.216235939534531,1.136841582385038,4.995618322798466,-0.3222574199535915,0.8450354812162826,2.785268247734788,7.840862356997574,2.8788246497177084,5.325318427541726,-1.1019927620642895,-1.5153863454826721,2.7913768643134196,3.4016100648680627,15.547917749190091,4.288461223849422,-3.7272201310024675,-3.1202679517966985,1.1144108046295482,2.7712091456318038,10.64844885438772,4.56611018597562,2.80075852173809,-6.708818957327889,0.5605637783668562,5.606090984218235,-0.9914915882468289,5.6195813047954895,1.6925190800032686,7.204407246440948,6.587309902317874,11.607092387005284
2.5144258094784027,2.134996896249501,-5.693271126979834,1.6144361587622904,3.078697861559048,2.1868806429218584,-6.492921891302839,5.178532453134274,-1.6088982932713884,1.7145334683489977,1.5031841525106797,-3.425081604733962,-6.283498005813808,0.2588416794801569,5.168068393055227,-11.15252184995273,-2.2523226093789486,5.817416013218116,6.2242943038412,7.2741045246074005,1.381884522887164,0.5320020532219489,3.562719743700485,-5.7768822243375215,3.111180181145677,-1.1877894114938439,7.421709107195481,0.23726239857229992,-0.8338218717331385,0.05765733468924594,1.1430400910788039
-5.156796777277737,-0.26247051031097923,3.17893455044392,0.024465372298427823,7.284322210189441,-2.728359100796702,8.343406273425941,2.1710423706246402,9.32528634119517,5.25268441923461,-3.478710562081984,9.6174733995804,-3.1900396005394844,12.778340883259045,-7.278560257470508,-3.085971087938244,5.584546086233223,-1.5847741338875991,1.2640062626212325,-4.670653926625287,10.199994857607768,5.740032556784464,3.691976462272085,1.6147303371823833,1.4568243157943832,6.840956231561034,10.266862095289051,2.7512794625688626,2.3837634489961834,2.78833100778262,4.1360220986720275
-5.29105917671844,5.1936409624571205,-6.190298969593956,-1.4654996474547306,10.786792289006659,-2.7630257281022823,-6.4982039171858546,6.184375111553659,-2.156719208383157,11.027945915089191,-0.17707515337225255,6.416539212914658,6.2927141990461966,8.010954298004805,8.770690365860812,-3.6141988923638664,3.0779256714289414,-5.180385825296966,-0.08772715743881632,2.177997741195072,0.8825193947825996,10.272970684519358,1.2244906543063099,-6.511968875785657,-5.1578236829722535,-11.10567713065013,-6.340608206501987,2.266159099462329,-4.525100892649579,3.147348032577278,9.99327732505374
-0.899284667065507,6.393240235714114,6.317381039000036,1.725839443093205,-0.3707892788536573,6.337643876137092,-2.4429907803261157,4.943522672658693,0.08971085522307365,7.828922944191062,10.62427243006045,3.007951809878143,-1.8185008569117733,2.5780410501709965,2.0659110067095527,2.832674157258056,-0.3559211020770414,-10.28317139700799,-9.703107916127351,-6.883065304201342,1.3170725588704038,8.561258050628139,-3.300737017525887,4.454514859643734,-6.324777593141395,4.2429273448028955,0.6343577070653943,8.788670155804812,-4.346215258861037,1.7415568897784763,-0.4315769951731907
4.653750237433513,-4.189623394314117,5.364053144319187,4.866091016755007,9.504180287576965,6.575402901412079,6.364937258561647,1.434135651060787,-3.38196268297874,7.264275262874598,4.420433496856925,-3.328647904339878,1.8931154142991031,0.12504429435302278,0.583261048528279,5.749209278469281,1.8088158307579294,1.1454851994059012,-2.121972302810426,1.2761202625090768,0.026679557063725934,1.2605074381530206,-7.336243667976801,-6.661994734185068,3.9312316449846763,-1.4248944358274347,3.488514828958146,1.3775674579034596,7.524872924482441,0.6013574185098389,2.9085687575341077
6.643676889648052,2.0767060417331025,-3.276597620376352,-3.6163656567907854,5.634540824553396,-3.825635398919397,-0.47876630272970555,2.080348991013845,0.3214226957611164,2.4785318317233953,1.5900613049849586,1.6443687832509706,3.579702231775916,4.829799490014331,1.3340006102833029,-2.398899311252629,7.4391966082899295,1.5701524826956872,3.8991283300606416,2.6061671864596074,3.9633324296585064,6.4199025134843835,6.426896872440748,3.6654575502418245,6.564721299122389,11.642514840565877,-5.732873517323783,1.366077956143004,4.099301957976422,2.656772079280299,4.453483547613017
-2.145926584028043,5.317465180856071,-2.7707782176095845,2.5452493673264023,4.1522973682835,4.799209449432,0.6395678512872089,-4.479849286748518,-0.4187010735719152,-5.7472106412208745,5.264687383739233,-1.5648785314315434,2.7126367876076514,3.0564016687930753,8.17625468651205,-2.08667913453809,0.2932856415225711,4.582779916602767,6.669228540965572,2.8396430212385,0.2152077672037982,-0.25376936708600306,4.7989825475523125,6.918817567846236,-2.2701470551104146,1.9266329333430379,2.693530447043922,0.6280925327716731,0.9258529575095567,8.03271878908291,4.172906279495827
7.278908219642156,6.833965131325949,1.0122239092839154,-2.2355469422520704,0.7531943067029578,5.576456352010118,-2.3666703934556574,-10.43401990876415,2.5015654676224606,3.078056052452475,1.1807158857200544,6.1803913412812035,0.9360444324508606,6.216207499885036,-2.3408670083777112,5.566436712824595,10.020128441161047,0.7704108178034728,-1.6097056063405057,8.75386697870057,5.962840516095943,0.3389070750103753,-2.9097495658356385,5.963314170744903,1.5218074161814263,7.760832642735246,-0.8387290543299057,6.479542132824425,4.425812977507712,1.255485690952591,-5.787160083584368
5.129745363318413,-1.9866800414734405,8.763437520890124,-3.311109441816705,2.5322449583797306,-2.282211410185635,1.8605873959044619,11.628405665057064,10.047012675526997,0.5185968249962247,0.7295758847633433,0.1627706584293942,5.4646789600491825,-2.133886628981177,2.891529947514244,14.113119027971493,6.7320234262507865,1.638549263658644,2.8321223901918278,-1.913329962724053,6.7799494645067195,7.1807303258427675,-0.8529446630435507,4.654557874946587,6.366882917246174,13.14851863327408,3.768620882856439,4.291993819009976,-4.513399328161441,1.9172589421197723,-3.161084889614499
-1.3415753238603374,-5.80263265512793,-2.8659863698615977,10.99869543530357,2.199752290998441,8.599581463543846,5.717181304541875,-2.784195827360227,2.2415645785267966,5.770671470002837,-3.0789672303659703,-0.2514445405182304,-0.0008436365837525273,7.571943012519352,-2.121697933700256,3.42786624114298,14.594045342958651,5.183484187356998,10.357000838683293,7.304792288804428,-6.135160009334918,-9.540449146012886,3.700905212732779,6.677192246499483,0.6150519943568895,-0.6173698701558323,-1.2609339558051351,2.276237300586663,1.5869521335044214,2.9064653723181166,2.8568791091384877
-1.6657065288506843,0.9332435955252663,0.16214177162873566,4.322125394230668,7.406381261048445,12.785701831979829,-1.5800080824074487,6.193293982375046,2.965875921410186,1.9024548949094437,7.332640461887898,4.817695889625075,12.530813976837836,-1.6624601394112446,0.09674182716149815,-4.965136812617333,-1.965109012898866,3.2068802132855567,2.678609484621803,2.949180921280997,4.885298878550455,1.3380192420538928,-5.098021355708836,-4.042317600735205,2.72223671659566,6.205520353947745,6.304640261566297,2.631883639611762,-0.5200702512852704,-1.085236081446694,-0.6192064141185103
-0.5385176448786813,3.2683971286782905,-4.303766771818166,1.8622306923075411,11.497087248293921,7.32678205827086,0.10746304134488871,-1.4834496951020189,-4.204919553274571,0.5526390296994959,2.046830083249201,-7.0755380502995475,4.235647624754991,8.896098371086058,3.8239417007989496,3.075577056302772,7.083586244658759,-6.287412242572335,2.2583825094336123,8.392215102307432,-4.02221703788953,0.9644719558276387,4.526408823681683,7.263511149862536,-0.0028634197272725537,0.20398834671948096,4.581457652081436,2.8406527002720354,6.254389993824205,7.607997319135433,5.957233397653584
-4.679216747888469,7.048246880714476,1.546029364463738,-5.287023152452768,-3.785370647958631,1.6304231255286146,4.783829267501239,5.086433918778527,-3.9822194672785853,1.9311178939072153,4.907227859669833,3.4657646864635874,-2.05303546109651,0.1481550055649512,-1.6858894333723269,14.935794476250543,-0.3141665395629034,-1.5654491188166433,-0.22204929883682967,-7.653238198291712,7.411664066965272,-3.1359989095860374,1.490265678574447,6.9982071303898525,-3.5620964005341342,-9.816813227666445,-1.5673369731239442,7.033822389066404,3.184376556350909,4.2922370402606385,-3.380696759075053
2.5558525204637785,2.2728641632597517,6.3374203989351665,-0.3480331828305938,-2.1208973641465523,14.188452897524176,-8.816173356137654,-0.09135761859001112,-2.9139519290906577,2.708380012502708,0.46986454419502266,1.3822789550284047,9.68489650065288,2.4771322849832567,-3.5098399016173962,6.493014299751127,9.410380538759313,11.954554586780407,8.381827238563929,1.1522353711189939,7.111153545054968,1.4745716327787903,1.3037895069315626,-3.7206464518285403,-2.817966332721544,7.786768612045568,-0.7175283849096807,5.086233254298054,0.5094657324852352,5.599819052483698,-3.7786680501184726
3.228258369482697,5.46718434519921,5.230081439439548,-4.008458550963557,7.919971649057065,8.131367977652758,-2.040958397100267,-2.7020547685301057,4.347204299950585,-6.40571852780066,-2.012430036700068,0.46834822841334,3.87426448167934,14.016768903957916,-1.1197162927866149,8.335827337095736,6.127567682016024,2.909654021417671,-2.6744258583998217,-9.136506272961967,-3.196338112187348,-7.114288517671195,4.676503862916761,3.7886501149552823,-0.029539935719849808,5.072454972006599,4.417529234267651,2.267673629899705,1.2963733805626534,-2.0026930089864043,8.505880596428504
5.133621205056906,-1.8342598571998465,2.4275191350294567,1.541583321014595,1.2213043357129858,-5.696485548947807,-0.630575577696094,-0.3493109085448465,-1.3537256433082527,-2.5998386058346226,2.9407628611759264,-4.704266657153078,2.1134851115683118,-1.6364086700041098,6.912525371555057,2.0907636287942486,-6.210666711927727,3.1244818976148183,1.7397901030387501,-4.708239004955143,0.8548245812865998,7.288615191691583,0.1059346845142024,2.231198523459327,15.298599052888324,6.081837244234964,6.502645724167794,9.074965928318388,5.052356687023629,-1.4220192854175213,1.6756737379440543
-0.38682498614561034,3.825180631476745,4.6253239733058455,6.1859153093844235,7.022413696861747,9.524921226865533,1.2817553384853664,12.766735708863962,7.617904288908512,-6.222319618395897,7.113433854738448,-1.3015478247208883,0.42123040341519435,3.3340106796168536,1.6824533019926364,0.3376706061315389,4.450658957171028,9.249147713056967,-6.55938340643876,7.718699666811662,0.4795615536600937,2.5884045637650845,2.8415726864781194,8.470366616738653,2.967647135136178,-5.846389144383924,-4.852076144939075,0.5182095339106492,0.7668024989791355,-1.9439949445004308,3.078725291861746
0.15480512279024294,0.25998085533580895,-2.1319211787240038,2.418847188177121,0.022334796078326447,3.847730820793461,-1.6596974189952687,-1.2605868829641365,-9.907107891811506,1.6033781492383696,3.5567302236195117,6.904206498732606,1.4547915998061853,-1.651979294946516,-0.17468138856904902,-10.349016050141282,1.5140164143220072,-3.35957953193347,-3.6313376706794784,2.933641299425992,-4.013748807275848,6.137556877925823,7.140104595758156,5.983460300049581,11.634354281301523,-5.758780924327802,2.1007166773298884,6.078719769947447,4.448991036489286,1.6365229777139216,-7.655416946947787
-1.9255953712786025,4.5671701657114845,-0.053558266137885724,2.165461082719547,11.784691836355295,7.98601076000044,6.631760732456934,1.8556699286040628,-0.40258285551538675,-4.6369499413142865,-3.4877618844070506,-9.413577333671224,15.311297312300246,7.355385193454297,1.6028009063318471,1.2504504614724945,-9.08843478681182,-5.6133702170068815,4.959800518554708,0.4919947420881803,17.266349797305782,-5.04902542694146,-1.4918580827794772,7.703935620762336,1.9847620309791192,6.399033852591671,2.7871604853315466,10.283881335057659,-0.45613601729179454,3.5269206094438337,-2.7919875373870777
5.652828139737524,2.8433447139174843,5.56295329675037,-0.45709710281904314,-5.304283400467781,8.220102732685948,5.596323118753796,13.96370059511269,0.13149987587940415,2.4599352409219146,4.5901767818826045,-1.6209234434382527,3.472124434313196,9.939316390874714,6.006653168178556,13.380111225713724,0.22887140951825202,3.5490379490208968,6.273437508435347,-7.867652493296731,10.097928424372423,11.861037702522948,5.996880210094115,1.4606521380033213,2.95837295220974,-3.9023798643811514,-0.2355723624048358,4.878460656408343,-3.3203466621127857,-2.142603998261696,5.070742691943955
3.2152839799956876,3.6216030229380776,-3.5267801365867752,3.1788982718688903,-1.172190899160067,-3.5069409782114587,-3.298257952136206,2.047866035087208,4.201523806824364,3.448820142704653,8.39070199240601,-2.27119568312569,-3.6402525423790104,9.91852113424008,8.481389088217778,2.5890635523589296,6.091392211401567,-2.128722254083729,-1.1844633982457338,5.4459584599903135,-2.7923864794022126,7.195711476910734,2.0474729081766863,4.273463953762082,7.134428801871436,1.857323754594077,1.7697462787024645,5.625603395355663,2.926482715936695,2.677431184539793,10.689836836338632
2.2319490672269757,10.162465403074311,-0.5550453909585129,2.764335064149751,-0.3690505622720761,7.013873018907036,-0.3989954236440587,-1.6548573838752638,1.6304546287994701,8.102642804371081,3.144369676828883,6.59981430856859,5.92116418172661,4.921227302301704,2.414693329748521,5.724625798447367,-2.346354024162121,-0.9419097055020997,-2.549788213746961,0.42861682621065067,4.876519137507033,-3.5167493495272577,8.365345561505881,4.0103252990783345,11.975115540223454,-1.3111264043182627,-9.357491714046361,2.509912507405151,-0.36872064340805855,7.798795944216494,1.5919146458383497
3.226470878635853,1.6794913499526891,3.7162431945306302,5.254412683425832,3.5821186336009094,-3.258238970685044,-0.19637433906729918,2.3652329548147546,6.5593037100503935,0.6214745563641426,-2.416360869952019,-2.20166575384461,0.958151642493414,4.885483300455238,-3.6635869961608716,8.341294455729237,-4.992646268937963,-3.637246940317068,6.891905616755117,-1.9786645124539977,0.5715218070412804,6.762404298459975,11.45337558824048,10.685010678414317,7.553042158790518,4.244488586723791,3.327156896762678,2.1703809796639186,5.690939629624658,0.11651101279859932,11.040559351243886
-2.6894720002758126,1.283538764047495,-2.2420305581721998,0.9379782028580987,3.673507061562044,5.183428808355179,-2.3793182477702945,-7.970653134455231,-7.916175253660821,-1.4945736558945777,11.425571771557564,8.58961008485116,6.830592920705915,0.9598866031558735,-2.003262565112923,0.6839255426797421,2.357302682778621,12.494246603265143,-1.8967553668882404,5.092315506486601,8.387342444689885,8.184332097735336,-0.019880833509134277,4.772417752735407,-2.884975960244911,2.5758198230779064,-10.0395493561233,1.0669452754013484,3.2925729382802995,7.576438984346249,5.953199445136788
0.7990656807927572,-3.0486751442212032,-7.744362069769844,-1.2430516711844226,5.582864967573491,-2.898987160613883,0.5618024113554323,5.922270411010187,9.648366623575878,-0.6323279512004802,2.7804654138216165,3.6921527719995026,-3.154192126242614,2.4030469828314502,8.936362195676013,-2.1224117781706777,2.049432730271185,-1.722837982371864,10.392261775294351,2.9537446409913533,-2.183410777432954,-4.796476057390946,-0.2919271807594086,9.772351710109167,-1.948992420032451,-2.744014850366936,3.2534070539363418,3.0571413459890016,0.7839489323044835,-1.290904824386721,3.356625700820958
-3.2876763690750748,7.012517604189545,6.010538895987953,4.29109986526805,-7.7542379349805515,3.3215639696689356,-5.375552062909174,6.638324559260242,-3.4596131127033374,-2.622618340868577,1.5027310379028165,9.032718920295782,4.8769564818660776,-7.628552613641775,-3.9547220543107757,4.367010070478635,0.4730558613427527,5.500768609051238,7.15027527311935,-2.835123279718861,-1.500090720226106,1.0230293717133312,-4.7089921285241285,-10.837260344830312,1.9250870087596792,0.5399841156356624,-11.34120971185788,-10.361684014069048,8.970824553491308,11.638614944342152,8.770712771150261
9.059641772718882,2.6360718228532978,1.4785156301050992,2.939814104950539,-8.007632380752554,4.064967190203001,3.5359938758940603,-0.2842686293045289,2.403146751013389,-3.8426568090322775,3.8470224277031058,2.3579281412450888,4.076158872039047,2.548633363559239,-3.3596357813864257,12.235361797640827,-1.5013024878061447,0.9432875467003947,-3.1744627559708647,3.532995988100369,6.625809202875778,-1.3997310062986563,-7.6523991793715,2.7994802962305174,-5.197549486434205,5.190753282188368,1.13237774343842,-4.895581852588302,-0.4743135018495863,1.7248943354674997,-4.547549928410035
10.668107523956293,1.0629468293894941,3.4452503216028614,7.670282929879499,-5.866767748682745,-3.76357024608667,7.1827223385148375,-2.6298552433290174,-0.5635454223295877,-3.9230324922718447,-1.4106309437080635,-0.03169617895497279,0.19739399705015837,1.1126968544901041,2.276884745440493,0.8910345771173875,-7.277606652166943,-1.938309337576766,-3.727136297891465,8.135221542173532,-10.811782653119526,11.539943452666918,-1.0411770202060406,-2.2219443609268694,2.015310569098539,0.8335012715194745,-2.5199639441725274,0.2945977503382964,8.49966681692157,3.1468064759105188,4.435828436387557
4.86827563197065,9.181579206893074,6.46302617960227,3.9577872254791564,1.7792150078331777,8.896266837540235,0.9811538282162338,-0.22594378417990235,-9.403650574351701,3.7546641943237544,3.3379116191154097,-1.7911266455256465,-2.2100323780627136,9.209346579841847,8.493488584827793,11.181161775824123,-8.601103236494767,7.44050897679398,1.2258820243051705,3.2650822895919864,-6.454899288905715,-1.3584062084557127,11.004284942132804,0.1492763296496955,-6.711461567701932,-0.41957617928769775,4.124474911955897,0.6616709772036109,1.3800667752571527,7.397518052851433,1.2205285450114394
7.047566602143014,-5.84694614741412,-2.26085566270131,-8.271610400166459,3.2944173386939797,3.1785647123005747,2.6999035299691645,-1.7079247973347829,0.08428084158523808,9.343608886895822,-5.6342443746826385,4.124189961976526,1.7226872777514122,-2.4881271612503424,-1.534547759374123,11.854630379298278,3.528896243072031,4.125618722001212,-2.764607184902772,5.5175158146360985,9.037076263226535,2.2420732352170742,3.738991810912707,3.0894291043134747,5.196083242213161,-8.231381526022624,11.669426640245998,-1.4066159139146452,-5.044899307251881,2.704596963253315,2.844778105121506
13.427564648517098,0.03800744400895617,8.385213922537858,-2.488535123289009,2.1840456612887,6.445443710781468,8.091819999976174,-3.610717163036737,-1.5250804545201184,7.518145367865723,1.2931741764834475,0.661022255735604,7.490519904601059,13.544263061539244,3.9291725697517883,6.679294517694061,-9.255157256769682,6.0664497603721,-0.6342299588594065,1.137977081142619,-4.858223538098178,1.6376420863897487,10.025137186994316,-1.2416940016119695,3.6205326794951196,8.153015886768067,6.181008201811632,2.0199425223634666,-2.049752141495672,3.7830545236361264,7.250625445026845
-9.763373167512963,-7.867571745537246,1.2255519354122089,7.133617188987357,-12.78595166866064,3.1689107401587626,4.439922602079699,-7.212874655129221,-0.6991844469377351,1.8793862844252396,3.9150407910136056,-2.8361989906301313,1.5040646465862069,2.0409098198794453,6.485455803736345,10.621944687132856,3.5281798103670483,12.237144151687986,-1.6346225394674052,-5.839596402941334,-0.5457168245737423,6.680195177145753,4.415053803532436,-1.5258632965759689,-2.599110605890454,2.3903281820812934,1.6992677603458366,-1.880122424630133,-0.8904311910684708,6.590823504954389,-0.16436570421286678
4.791862886855098,2.420799360449706,6.395500103440097,7.419006413145154,4.828495590258331,2.596810301716106,5.755853722175459,-4.248975956067198,10.600801678284046,8.657368038360767,4.662672665660828,2.124043454766727,2.3412689507231765,-3.066956295977506,-6.325040069088036,4.60581279726551,2.5194638110609766,5.725421524070723,7.8655846804286425,1.8631179991911684,-0.5343284823994816,0.465727588179659,-1.4109444409700136,1.497816027728797,-0.881508319746807,5.997999906750766,2.128888521369636,7.082385013343723,0.41845930689898836,-0.18739934105184286,0.9766019478062646
1.9822467491933728,-5.891507160282294,0.6638850931706419,-4.102039848339577,3.8180739416335934,-1.4095781531188991,-2.633619528761919,-0.030318417305436274,11.468723076715506,-1.3872509806037412,5.5347206666146676,-0.3789219545204672,0.4890633763385437,-3.9988773909304776,7.053290778828137,9.236894314661253,-4.179314561603725,0.4282633094000725,2.483252856474546,5.095987823461401,-7.205395876229527,11.691349819821319,5.096392187617269,-2.495508276214691,6.511651093967924,7.600948296082971,-2.4146043962198975,13.965648786582314,11.938316455168405,-5.223418997114745,5.157282662325208
-0.6770320645749606,6.35375164117095,9.67598547167564,-3.066672192225681,8.683356964665132,1.017284731974713,4.904186638681978,12.033052800224958,5.400291656877884,-5.13466868659566,11.352891705600486,2.6224917312889335,14.989038654737943,-4.232977735491071,3.0588005583371833,-2.1015718846688154,7.521315681067361,5.550318614570204,-2.6179461169599296,2.31713107477841,-0.7072682639348278,7.757604832082395,6.185497492638239,4.84275044886626,-9.014304441013472,-1.008935287069761,-0.8860499006022566,4.956004190101247,8.031153233112663,5.020240627337327,2.030006589619673
-6.994311132684338,-2.6402788145198013,4.222088960355929,-0.6812031227509436,-3.247179865297584,5.53410504999011,-2.0372424094410775,4.670929221807354,6.274151035771185,3.0998231575759974,-1.822693150273027,6.068672589121529,1.8101689981182325,2.1290918582651415,-4.1141925498236835,3.86592552984623,-0.9323221379547508,0.4565364986729039,3.357410439222278,4.527421928297121,1.6881067974278987,-0.372971232146611,-4.241497733784181,7.701766769217959,5.7103677436741975,8.891321910867273,-10.497813750780136,-5.814866642222704,3.4834004703862114,1.5314406376026015,2.3946226078220105
0.06076085969134293,0.5317413259435555,8.640952122455992,7.055991866940266,-0.2716378427617814,8.160237320512186,1.7126338307429905,-4.558089088671281,6.163640715497083,-2.861081195179141,1.1044963649743513,0.6597941935764768,0.7639604652851371,1.2400656540393191,0.894508605504752,2.640343434561317,1.9791602142039895,8.493705982651244,3.558199825938343,0.2274732715043244,0.5582183131579956,0.7370010741270314,7.396252780235282,1.2762711711977095,1.5592301217561655,-4.81841847658651,-3.6091762533447165,6.439773728879969,-0.8311626210782337,-0.9210217475073739,2.617253641301532
2.5720725894016727,2.556446161717423,-1.011377613920239,1.4225900795242736,-0.6740600634865324,-5.761493704158848,6.215450544941573,7.34834417911288,4.471471470333716,2.073158784624183,-5.759512908674387,1.4069348783293871,7.942951666958761,-1.0736448778067316,1.2758695099013788,-8.17597692150266,3.0216550102959823,2.3085564948958655,13.027981065328857,6.788865289738478,8.203640765768931,-4.570159884564125,7.582376697539093,4.003122537914317,-7.599694623978248,-0.25977200779519727,-0.07387708496922851,3.353183531266555,1.5219598266259997,-0.5586380117622305,-0.8287203826160763
0.4276981727339062,0.2116261455449,9.535171396420319,-1.7461175932146977,8.552430410380103,3.277836324130873,1.0911586091408734,-1.4320376286915613,-1.807509490062127,0.035249429506816865,1.828062029605707,-4.87070760223266,1.0525409744495127,1.7606319397340955,3.0909128223505946,9.541094785853572,3.0759848421851896,-0.06406711905457962,2.889442846772114,5.1315323041740974,1.491604615308928,9.87387089302058,-1.0759297941276431,0.13876636737836523,4.403317802653285,-2.535980970704167,-0.40765501075583765,-8.720930953386038,7.74424091042841,-4.030481324284534,2.3558408836146385
1.7482977318437172,8.642601840357234,4.179925573276387,5.675573548456709,-1.0552300464291382,2.961733171284055,4.634794388133493,9.457379374311317,2.9933883342687038,5.015832390242066,0.3168100866684689,2.412060164569974,2.406394972613438,4.527851835139449,4.011400740985807,2.075208115929289,2.404988404405296,-3.1123424736470806,-2.1949000693737624,-0.9779058585373948,11.567972673785862,1.5469219477026082,2.9679533081175733,-1.2287449909387531,10.81906990469735,3.3305845913383503,-4.114922503113075,4.401198974924039,4.727282763910907,-1.3860445776982844,-0.3355116409253278
3.7130023554465885,14.204695869094932,1.0799292117921562,-0.4050393931437184,0.6788258328190251,-2.188493443286596,-0.5373531259593123,2.2996739103068737,3.8158578889237775,-2.378030169431505,5.685914179976887,4.705524543223523,2.5205099712842673,2.4705051845957446,2.988077465448362,10.135562948413694,0.18524161759295343,1.4713799303263038,7.443932657990121,-0.8316953812053249,6.319564811536242,6.862572009988135,6.735028264966179,2.58419407596857,4.533906233256903,1.7076673720624964,-4.492619892580488,-1.3730773745470328,2.3158836994762555,2.112202105800794,13.682130680930992
-3.2783138061602486,-0.7954973273252044,-11.655951200412984,10.886209531119423,1.6537853924635715,11.820309576212566,-6.863587962184173,-1.8888615224752252,-0.21044097661702343,-0.8783777559282897,6.12403161577282,1.209986482950363,0.933761139969342,-2.153433856761371,1.6912751761822449,0.8768131352290829,-7.031474422209438,8.454691492255126,12.767940862090049,4.514907938361618,4.7531802024998715,4.044333845841649,-10.30180141978511,0.04141142335162851,15.748106908230877,4.149914663569155,3.0453271500121244,3.5386779434769418,1.1383149914870816,6.488368847572927,-5.739180939017399
5.55211360999129,3.795007494092431,-9.47545580112498,-7.877516333854871,3.4534997209997336,5.893117575749354,-1.1999558403008233,-1.9867819107469455,4.4614712233520795,1.3223000478056388,-6.007468344842605,1.7351760981586204,-4.774998532533517,-0.6173764236115415,7.945865918304479,8.94828261777697,-5.443793601053094,-0.6081087386227586,2.255542206186319,2.1354278986768382,-7.410658027532019,7.7040742397056015,6.326271399491082,3.5239144169316194,9.226706141085431,-4.256140649924049,4.054315505473579,7.854566627550122,-7.0031058973501015,5.162537922945216,0.38304566549344465
-4.979422450775687,4.194280730111655,1.6026831199569773,-3.1329151451317934,8.992538078491046,4.918408640556736,2.2554495714633664,5.369535382288532,6.766434655825017,-6.6722228352735815,6.64311571331275,9.864077174397865,8.598796266951306,2.800563159920609,-3.0074723868959676,4.462579291103097,3.4228066237388215,-2.3654538534561818,-0.33954790615604935,3.3497420989468853,2.7688564707122625,-1.722034027287398,-0.716363683790024,0.9165357444503064,4.013759976304456,6.6462117679869,-4.49847734553509,9.952352448296047,7.833861489537533,0.5374636446365637,6.865025483714135
3.911335227459121,1.7485742879166701,-0.8267391224214276,-3.6609227727049936,-1.3512783107351813,-1.4015776220282419,-2.7453899606598036,-1.5115751814754304,0.3123896606336525,3.672780780756931,-1.340485807773824,1.1424616671862458,5.2211728762949665,-3.856289566773988,4.42026829670713,0.8343092166749666,4.645548967066579,-1.7775308978525102,7.067369804353974,-1.4682229487582026,1.0492327158545955,2.741751673467847,3.9506982418395795,-5.549169373282188,7.839033589014538,6.582378755496712,1.5755269015684819,2.9107537185344605,-3.23398925575939,3.6101133015445734,-10.1355878203337
0.40373787205286793,0.4966631401370043,-1.0197362662710447,6.051909873351763,2.613219538908053,3.113714640662388,7.242773373451461,4.4803291796435225,-2.1057152651728908,-4.435476782382819,2.27342784139081,0.9181128606707558,3.772994714827761,12.374563068280935,-8.741092958001923,1.0085454715915159,0.34085653784453007,4.095721271731497,7.531494240008468,-0.8551353928796859,4.903171659146808,8.370590804777404,0.16419078973790935,-0.09543014119172133,10.743065919413953,1.3059197667960358,-0.6898916027359365,3.8964093316899238,-7.431247020610048,0.12805561536256915,0.9346073991941424
1.9326249827729463,-2.7016498192531486,-5.756207852227161,-0.9313961917740166,5.183876743498606,4.040504484694985,8.597433845531103,6.858541896631577,-1.3909493097289394,2.83565818130721,3.811971961229541,11.524255868541875,-0.4051183429712415,3.616427586022703,4.156959395371722,-3.801448583804623,6.8345066289853,11.367309954637683,2.832014000648615,7.088517752041266,-5.305334794683793,0.19869437788767375,-2.0241846793914613,3.6835523563131574,3.2017880003791617,11.84014149033524,-0.965375306766231,5.038102787710901,3.1453490381576916,3.7144082925036233,-3.489617655353941
8.978507703553982,7.836587968631459,1.4401122386664718,-6.962173355319926,-8.390593229413017,6.38163164385462,7.86593841603947,-2.076133749268754,0.9978665739932322,0.9599641921927224,-4.825348407686378,6.383184596292827,6.457629708947149,-1.878810410232175,-2.3577972938985905,-6.129549515229883,5.777244580775444,-1.8108394757313402,7.574399989137766,-0.8270178028331303,-0.7774593038605033,6.844116725174633,-0.4455937479038563,8.32460715193511,-2.544870049312709,-4.597031971111172,3.127760518073109,5.1797286657972945,4.018879107418816,1.5992574834760847,5.593041143070125
0.6325279899850125,-0.7356281852011528,0.8673541947084047,-3.9974808206161656,-6.6117336231141,1.325620371956009,-4.118434909243261,5.237041447747018,-0.3705903209809054,4.204997284530643,2.633775096216008,-7.474843054708442,13.47548112523517,-5.4073398258466625,-6.132172056237213,7.6010518950528745,-1.8446250799269697,10.902202646454974,0.9007758179004746,-1.930603084169955,8.513800976707808,-2.647605029533195,0.734205700752298,-3.969277641085899,-0.9997638337577195,0.25485472123649977,-6.73866514101624,3.7231313878923684,1.204464180035866,2.5142233241896057,-5.23516618772566
0.33989925659468456,-1.7341902371755857,4.976112377769091,-3.7825958186565405,3.799934557223824,-1.1203194195704205,9.749817722053507,-1.7302670024410545,-0.9865459777993109,2.328650612234255,-1.5285632871502681,0.49175151210495516,7.205127756020014,3.9982327474461807,9.010629155912435,10.495459188710369,4.4574512163467075,-12.17037377398701,0.46075781737296473,9.302004046651774,6.0444061698600136,5.847920312970075,8.064951321105982,1.8871556717078732,9.171571169543098,8.106653430837007,2.4465483270905346,3.6609743707102202,-0.5193904933400493,6.799352206654319,-2.604847140653537
-0.25676576323937317,1.5062473370125093,-0.2826889221611095,-0.9164440089933281,2.403404707301718,7.174129090879229,11.104413549387132,3.381930784385831,2.6837437721608177,-0.6464667437188054,9.73312374646511,11.91845291737377,9.274345833177875,3.027039023817204,3.124735696086056,8.109088587039615,7.211647790756686,1.816400940785848,-2.655827520869307,5.612542236418607,-0.03850424343689873,5.25288281459495,3.318419792437819,-3.1553868138428687,6.013796705632925,2.769005388112941,-2.751268606725266,-8.065884436745193,-2.0560626911085604,4.694577760608066,4.723972993469232
-0.056237278194832374,9.605951104871671,-1.2914189087172048,-6.50152527515861,1.5139104069851952,7.671472038617427,2.064942733462697,3.009700324054494,-4.148921757705594,4.192666377244548,-2.3579837530400383,-0.5055366050091332,-1.9932023328087451,0.36094508451974616,1.99350309678535,6.301903659618807,8.87447238224581,4.802860774353254,-3.2965192200160036,5.2214771644701035,-2.19124808356658,5.516204706175049,-10.032482461903486,4.693950362265301,-7.727683115516951,-1.0355835565039193,1.716482710935893,2.4330176060946864,4.786091076047723,4.511424962117738,-3.5224481441760727
-10.63706426286962,-3.4742606435078534,-1.5070407170600433,-7.803497677026622,6.311322304834889,2.7616627585052522,-8.772494507426355,3.9623400500519734,-1.2439030577562855,0.31000265275995,1.4615466362738618,0.48159294816143117,8.108011616183555,-6.423394848640255,9.420300228564349,2.5033042164095365,-4.661409059209406,-0.24033833520079728,6.441442035781577,4.898825512080255,1.3147353748699246,-0.6468777570220836,-0.8436106289279035,1.9650452242565895,1.6033591745637863,7.484807565339284,0.9936578635516582,-1.6191372276847251,7.7117448484871325,6.361809120252329,-2.7346896790686843
-3.9220927014769407,1.5910471348375437,3.3552355888768877,8.57409666942124,2.7632856381435253,-0.5624420941451693,-4.483750431817171,-3.625510096823863,3.2558747140512594,3.056962365136886,0.8888701894202913,-2.373391607794609,1.9761535550018954,-0.09822235548058611,3.668519743570546,1.8214040173831239,5.535530634847142,7.188274966798382,-3.4356934332829265,-7.187878202490122,8.480734202953421,2.8501597937048277,4.748586414187866,-4.2601072961913715,-0.504598194457841,0.14531879912630652,6.586094191753266,-3.730261113221509,-0.8231261721858631,-5.137139484142235,1.5388440205776046
-2.366053869334543,4.182569940370067,6.906253849409376,4.651168252572635,5.697800791565527,8.158595191250065,8.267178337310643,9.390040998299181,5.368947336961867,-4.056214362782751,-7.657030350702659,-0.7211165941819857,-3.0375387799771865,15.463791245138175,4.074468447484859,3.128803300878222,1.539027168901761,-10.60444252167465,4.321452745382407,3.664423162833189,-3.972854715486066,6.968727283213529,-1.7561166521541893,1.7225485525926065,6.9723110569924,0.7181312576417549,-7.527553595285664,10.529660461872755,2.7813538716897455,3.9245087763139948,8.078120103057456
8.00572883229255,0.6320488701664209,3.526992705156063,-2.9622175711105463,3.090011847511118,6.420176068941702,-5.963381321268752,10.357954038275155,0.6865206639295369,-1.937008557789794,-0.7524467027485229,8.921226654993209,3.428749437720167,7.317450534516003,-6.938836152032575,3.778735034693125,3.7150904164514533,-0.6696464881628339,4.778271498999532,-4.202279922881694,6.973224334257354,1.0733627889800401,-1.8025977087470015,0.8667864135372669,5.526200700522194,6.770825300743828,6.819004271318305,-4.805492954373423,10.34915109482451,3.9392444996267377,6.9755424720576205
6.32549255361741,1.7213828557949211,-3.7121238057620563,-5.200266664834276,4.16328012826608,-1.8482287429301936,-4.137313394572898,-4.689201149357922,1.932444917335567,-5.037307334006732,5.949232923399274,-3.30852909949642,4.5421069619994725,0.3433522548379049,-1.7003939506935328,8.415327071865324,1.6302187656248688,2.1602993469697593,2.3840091387643687,5.117304774417086,-2.3462113903253305,-5.103286202276212,4.57323094360852,-4.381475096495067,0.8718467528537965,2.594527225374948,-1.9966952483632228,0.16352999941313384,-4.229689765527614,6.311120359595203,4.849365043623365
6.108253260358106,9.850231985486564,4.835818055661247,5.230963365120152,4.966266788964905,-3.4182307544177295,10.241813587655715,4.807681731378245,1.9525688021268075,2.1469294115435926,-2.3194205325126944,3.5144967961036704,-4.123836593700864,-7.695194854910714,-5.42071114968606,-3.0660168820249094,-1.2108483932343503,-7.49976069552541,0.921539321785217,-9.059358524240558,-2.2138300575968204,3.8012222845010797,-1.9023676573544765,-1.699767443616964,2.4219571981853236,4.768892522039259,-4.012222692712095,8.537221149921802,-6.701139386972008,6.944026969619073,4.63517689952463
-9.441291676059222,-0.47322605170969023,8.899782899974578,6.742758068536088,5.990582909042546,-10.289984437896116,1.6724602670828224,10.561817843594238,4.1940437900399905,5.779095228805917,4.320925237427774,6.083631986340147,0.9726823728179577,3.300568273275111,12.522153545835156,-2.285420164171536,9.392970179362525,-2.016303107328474,8.975382750595553,-1.071991866054197,3.9995471179589526,-1.1932148148133503,1.2452863407190842,4.5428735370629365,1.711602418072843,-6.788900348746353,6.780619079096323,-3.3403114479263287,9.333420130366957,5.117149070480815,2.5435123510174984
4.065284465065869,9.97178399119418,0.49766954628720117,-3.5193366748602237,0.8886288956318249,0.212490273161003,-1.4784926449193798,3.211768536138588,0.18636292757570683,0.23384235071581738,4.521618739424708,4.976420578927339,1.5088125640861294,1.9276904328253448,6.698449573363465,4.521237547344265,0.6332585748908386,-4.160046854387247,-3.7318669677537795,2.209486315820017,1.359797370527585,4.7817482519717815,-9.34994223242748,-3.427791981968406,3.545859771612501,4.014316406864553,3.1115958486850253,4.713743813725186,-9.45725968507407,6.835652378853308,-8.422582550363298
3.415106832565125,4.269463657053361,8.720930369065494,6.400207150265938,-2.581422720957735,6.8771626522019975,11.741640891368387,8.390492965654328,8.724230292239472,13.441885832465452,-1.6723489624232308,10.467131338002922,-2.3987300918173524,-12.854498902663734,10.269266705228087,2.9115758863159216,3.5578561866174137,3.363852736542918,-6.322873651944892,3.0970804679144845,-0.39198118938239057,7.5634403023973675,-4.71270743754797,3.7204266645670234,3.2837663432532604,11.31143645146763,-6.905364046602184,7.895495804961248,12.670385334490911,3.1162304994595518,1.9366754075596957
5.187515999795857,8.681055734202811,2.190309975951174,7.991355605195121,1.3941919788727257,-2.5803797994410758,4.946208887445413,10.01371315611225,4.606150803295532,2.756735305280516,1.6442047808578266,-2.2678254634102517,-2.1509923514302276,3.03943243765692,2.2488093972078937,-7.430789156810098,1.9538521213252915,1.659319592569799,6.034466319175552,-5.581470060060738,-1.2484260343272187,-0.33324822904721607,1.8745042931436389,2.312261467437922,6.001661177609851,3.4978104061137247,-1.85839993931745,-0.09147822513965442,6.594442810288232,7.920606407565928,12.911783692580936
13.615723534443,-4.997003306414774,4.177663192845213,1.0742335907302663,2.6348153933585947,3.2230664777733518,2.539223768505832,-1.1511535931777894,9.48439562420677,7.222970440564203,1.9235927998735596,-5.877060935317769,2.8405408814390247,1.3323745481561209,0.7070494463955816,3.3441546717210127,1.4016948847699755,-0.678708177317005,5.523032669789128,0.7568740304128574,3.5657161645880993,2.339958391959736,-2.0714136499876465,1.3308443100679361,-0.15409446977910513,1.5225756170525502,6.216460959561868,6.795240831391244,7.490393721123753,0.9159716287689275,-3.437446922387786
11.68699556245154,-3.719591105954473,-0.7940961009156107,6.572370862337386,6.086173140751585,4.082318585437655,-0.5945962065784531,12.43441936432874,16.31215826395722,-0.47829353232197924,3.2771382309072568,-4.52077335933305,7.948196401140411,2.158047757059,-10.481094443589644,2.664363563482063,5.379249026118614,-5.12788987819588,2.263770808173927,6.259013201805968,4.6133011160516775,2.037305987497384,3.531000963854983,0.5781392365197926,8.257996533458995,-6.990250454728821,3.535840163171061,1.588095872282819,13.422352127089127,-0.1741909870290641,9.798871379137138
0.5995834798702959,-4.69789078459166,5.082693249085248,6.762658903941746,3.6111690842467237,9.148857938286797,2.8831128614639665,7.956728201968403,3.6206567618956047,-3.025138171821708,6.632214684280618,-4.0574853434831235,5.616845330860814,1.8426891668260192,1.1191022861474513,-6.18734912831456,0.05950875816464429,1.856314764058634,6.414428686293627,-3.2606352622099415,0.19005078837620815,1.1630334205029795,0.7833590666010828,4.960909836703852,-6.202333237685538,7.375610192435386,6.011712433774568,9.468901942850152,5.44564287288198,6.605005425424798,-1.3178662589308114
-0.21506582125703488,-5.828610026241031,5.0266942898152,0.15866282946448784,2.119903944128294,3.693963820088068,3.9095043561625102,2.1933232482559153,-2.120796670130921,3.654814573461434,5.268336731967582,2.74089210463659,4.168492394156129,-0.04464444748544816,-0.1533550684746432,3.2262231301760718,-6.599954691214933,6.173974543658131,7.9094605469667165,-4.461068908054268,6.688546723879509,1.6154341147991202,1.8425001839210087,4.6399106083267885,13.7651864633942,-10.384324824962986,2.3998408126631543,1.703670027050824,-0.6804192249853691,8.180518032196414,-2.3367682550568007
9.19630577265786,-9.574043309029214,5.674512681387195,-5.186331056792726,7.640886576816858,-1.0189220248143513,-7.061488003529462,8.358944550836023,-1.8232595990098517,9.782176939006652,6.517796605184957,-1.9591824432353468,0.4938676395096886,9.026227029495338,2.9829267585313968,6.475080977435473,-0.6321990408539397,-0.7802322944120466,6.319714891908203,1.5121495651327548,-1.0068845364951216,6.888583260197915,5.3891833302742995,-5.065080554990333,0.7277255460062997,-4.294631861002543,-5.161542240443682,-3.4886504968570247,12.52294371373054,7.801855729329679,0.6487169066778045
3.1749896175681576,-5.849992279578886,13.596608181337555,-0.33987122564440364,3.3424915906398,-0.09893747332558656,-0.9099034697014572,5.143497380377737,-3.517438155744026,-2.584418405985196,0.9148113933318871,10.988816426715058,2.8731839747089665,6.627593076468475,-3.2916623344807956,6.626325176281261,1.997153487745754,8.401626662724034,-1.290732791312391,-1.8883390727100613,-5.475470973896852,-0.5250814311039536,7.185236087099847,0.3743737973660579,8.684807292102477,-0.6192873840442665,-0.28578530157805115,-1.2990968326711263,4.429491633934651,-0.10551425307784035,6.82890332740369
1.1179936125965666,-5.832831736427337,9.691979191325151,13.80016666040544,6.1916601061683645,4.7068992374694725,4.403284295814972,5.914017655317421,0.8233333438678032,4.613693602342698,-0.8270002263256861,0.4895316554083411,0.49742492861120846,14.754445883037196,3.32035578409613,-1.7342466356222772,10.08595010265896,-0.895251642122167,-6.628623822537055,-0.7988049015419674,10.641577116471028,1.051237128116088,-4.631002077396513,2.066623809294165,8.559352694860367,0.8622752118615187,-3.27628040542075,4.542981569455905,-7.703208076431972,-5.6542093632248145,-2.4008899169544886
-1.4019425989835907,2.1818034325052866,-1.8752265647897302,-3.3486738348247433,-2.7245685452974095,1.314262084737592,5.1804084292434505,6.138983105124196,-8.449699217491492,13.464854122544445,1.6092839766185507,7.165071432968422,0.5235308194692669,-8.105446500403435,4.040745853916878,1.1995740959288899,1.4322545968201152,-8.618808504444955,3.9994778356359504,-3.563138578730559,-1.1358600393791463,8.969378145227349,3.458423857316102,8.792365004332027,-6.075770405073662,2.763454460218623,15.59331403365893,6.386776024484248,6.418029734198473,5.4167121563368,-2.159965655558742
5.831994105192752,1.299182796061023,14.363191764082408,10.706169135191953,-8.940986862147925,-8.65199518363816,4.165925430916577,8.23967847650299,8.736427146213897,-0.2427990063555172,3.457796913823053,5.00279664244556,-0.08076155282731534,1.4214304293040554,1.095045208295652,1.6465318001848066,11.410608157625735,-2.181360369101246,8.984566111599745,8.372504118642913,-2.9363237870833956,2.328073057292435,-3.462516129465598,-5.274712271082455,-0.22825716347671587,1.8072349418427591,-5.980348656569284,-0.17970265698301846,-0.3026609395387583,10.474065367886901,-4.897898303091595
8.602946085049624,0.510862893266552,-0.7858860160128831,2.4586866989562055,11.773010799566922,-1.91767714518081,5.658948192967445,4.514033089428994,0.2943635594179679,9.59913143743098,-0.43298845332757274,-5.378851415129086,9.505070618442431,3.6318967558162876,1.2220982537053,8.135600377371361,-12.184600632280704,3.810197570711293,-3.2136559649502514,-15.141212715066391,0.5665550464248563,5.249360619345611,2.2365720761795913,-7.555313815343743,2.710429249831612,6.796106988987377,-5.602738723690124,9.758714970060582,1.1005252600798405,0.785804026586008,-7.797952793589982
-0.21474379797609133,5.788780283051111,6.93673511511331,2.843998979168009,11.813689044570648,7.397398262240452,-4.104241092413308,-2.2794545967069615,-11.961457217166167,1.4235261260144654,7.285970285664127,6.0782757461704175,9.319766633994206,1.6084891150553335,2.0749702056969586,5.166568210459708,-0.5300843228155188,6.92210800868385,-3.8111562540182424,6.200817095309526,-3.1012948682047456,2.671564276718814,9.685514316982196,4.6724822399723305,7.768085460317362,0.372070352087172,-2.7783640170914206,9.918200627106927,6.605935616049564,-0.46737038357430594,9.422594176864852
-0.30894880354579346,-1.4865053676647535,4.895133304402422,9.769290681510007,0.7245282073108501,-0.973194226346259,-1.2635455585843456,-5.426134650946312,-3.817357446538674,4.190865326434739,-10.414597225685595,-5.017206085808423,10.891554089110837,4.856600760710854,6.887663580082443,9.10478898003567,-5.933047425221432,-2.1036158151596176,-5.544750823035784,-4.542437940953447,1.21421068209151,-3.9414348064405322,-0.1472960873625051,2.4995046458022423,16.87467765083428,1.8839850592658598,-0.394525669158154,-4.6140379099723,-6.506366610997986,-2.4648955931903815,0.76787563847459
2.1513823248977126,7.279030961230557,5.098981790376634,-4.777438742508909,-3.1005787692040103,12.433958971138559,2.646764617289201,3.031420946810736,-3.106902062195383,4.785473076181341,8.15601220806326,3.0205810286992536,0.727681952640761,0.6195535884034837,8.141958962233085,8.744771758172568,2.3153224717378094,-4.93174363215618,7.173065640777531,2.5021005112803065,5.034757810085957,5.2047311586350276,-8.409073585686382,-1.0946977869590047,7.275461894438153,4.491050718843107,-5.324694620217698,-1.2794564726365394,4.789924857446209,0.3602950188196077,0.5164255804456497
1.7581673258997228,4.181145752549068,-10.297539721846636,3.5143805807826185,2.2409956141213394,6.401815084383362,-0.4275177488796533,-4.821726243309556,-6.303721735729033,-2.7662929711866147,-5.77489916389519,2.3068653471800378,-2.1832177542083127,6.569633907899354,6.0726300270913205,0.02984847303915661,3.0103577566081112,-0.4679881966230024,8.192051767717954,3.3951853493763298,-2.603063182575485,0.48329711575060363,1.1960468205481523,1.3056368825019715,11.956173771745334,-2.6943104342098927,9.158939973788467,7.032489962978007,2.8052915169534334,2.0241083028674067,-4.83926424197198
-3.7648743450989794,3.520826563342903,6.731654800414508,0.10432058877107897,2.5540011128662927,-0.9954176642644654,0.9135440735146767,0.6018920729642725,6.141771138568793,-8.233694062823606,-4.263163119076918,4.144664325451354,7.144869620699226,-0.055607299961363044,-1.793720984763139,6.776173752661812,0.6107598192530972,-6.0729635940883036,-3.6257208939884773,-2.4925473340879876,6.1289448549132315,1.5788208712345213,4.325755779716939,7.016736517664457,2.353571074766184,5.206008962338126,3.7609676111513766,-2.4994526304462497,7.553083758522368,2.6636923637747416,0.15282353835493745
3.007020637374329,6.993146415518382,-2.3506164455682175,10.65599828558752,5.941461635701181,-1.0699994059636202,4.815812435846971,-4.105066219540353,5.297672129093345,-0.4427537785769555,4.187595107152523,-6.784149795105412,12.658978833635102,-2.250878770722415,-6.98578094735973,8.128230446336005,0.9329424157423087,-1.6224012267267875,-1.961386410969761,5.37090491976652,5.899752171914432,0.053604344721040365,5.690762749811504,1.5100545954818028,1.7052337986225126,5.802239014523428,1.5086954772385637,-5.032644640550338,-5.981946563170398,3.867422608778765,9.258127042818819
-1.6655569720889365,-5.725133311887564,-4.042258947797557,7.973417866299916,0.4389049055935863,-3.9263450193637883,0.5610990235125681,-9.06377148682089,0.38041561622689457,-3.1581324168377876,0.6819917919197584,8.38462318933958,-2.1522148038362374,9.193392449753189,2.8980028316166364,2.5446159572935008,5.762890278866,0.24012733186412083,-1.9772757101778078,8.609849551814175,4.290645469554864,1.0623338760769,6.476113036706147,10.292145587647301,1.5529464009431362,-3.2416121875127617,2.5551280469776185,-2.30550619613291,3.6351880826951204,2.8805101677158573,-1.8064238869510425
-5.8936733004637,5.578757562489772,4.0916949890028,-1.6093313724390432,9.74634394125235,2.565163277401689,-2.37255391653622,2.0393633498819534,-4.628940612545801,-1.0452267198787117,3.0104623666017583,9.294965765455851,0.6389220685958983,-3.6995667405284154,2.0008363616072975,7.354419850164599,-3.4915472202879663,-1.0660947490977937,12.52889408043195,4.643336099877277,-0.7532303591072798,-2.3891563318309688,6.479374674809221,1.2040016485751603,6.568676302912774,-10.592463306820264,-6.898876736968699,4.242874979359074,-0.3607268865772695,-1.3410712587134928,5.932247221025797
